-- phpMyAdmin SQL Dump
-- version 4.8.4
-- https://www.phpmyadmin.net/
--
-- 主机： 127.0.0.1
-- 生成日期： 2019-05-20 00:04:36
-- 服务器版本： 10.1.37-MariaDB
-- PHP 版本： 7.3.0

SET SQL_MODE = "NO_AUTO_VALUE_ON_ZERO";
SET AUTOCOMMIT = 0;
START TRANSACTION;
SET time_zone = "+00:00";


/*!40101 SET @OLD_CHARACTER_SET_CLIENT=@@CHARACTER_SET_CLIENT */;
/*!40101 SET @OLD_CHARACTER_SET_RESULTS=@@CHARACTER_SET_RESULTS */;
/*!40101 SET @OLD_COLLATION_CONNECTION=@@COLLATION_CONNECTION */;
/*!40101 SET NAMES utf8mb4 */;

--
-- 数据库： `udms`
--

-- --------------------------------------------------------

--
-- 表的结构 `amatch`
--

CREATE TABLE `amatch` (
  `match_id` int(11) NOT NULL,
  `match_name` varchar(30) NOT NULL,
  `date` date DEFAULT NULL,
  `win` int(11) DEFAULT NULL,
  `side` int(11) NOT NULL,
  `opponent` varchar(30) NOT NULL
) ENGINE=InnoDB DEFAULT CHARSET=latin1;

--
-- 转存表中的数据 `amatch`
--

INSERT INTO `amatch` (`match_id`, `match_name`, `date`, `win`, `side`, `opponent`) VALUES
(1, 'train', '2019-05-12', 1, 1, 'UCCG'),
(2, 'better train', '2019-05-13', 0, 0, 'HKBU'),
(4, 'White Horse', '2019-05-13', 1, 1, 'Malaysia'),
(5, 'World Cup', '2019-05-11', 1, 1, 'PolyU');

-- --------------------------------------------------------

--
-- 表的结构 `assignment`
--

CREATE TABLE `assignment` (
  `a_id` int(11) NOT NULL,
  `a_date` date DEFAULT NULL,
  `title` varchar(30) DEFAULT NULL,
  `detail` text,
  `create_id` int(11) NOT NULL,
  `dueDate` date NOT NULL,
  `dueTime` time DEFAULT NULL
) ENGINE=InnoDB DEFAULT CHARSET=latin1;

--
-- 转存表中的数据 `assignment`
--

INSERT INTO `assignment` (`a_id`, `a_date`, `title`, `detail`, `create_id`, `dueDate`, `dueTime`) VALUES
(1, '2019-05-06', 'first draft', 'just write something and nobody will see it', 1730026109, '2019-05-22', '09:00:00'),
(2, '2019-05-13', 'beautiful', 'interesting we are all gonna die nobody will escape', 1730026119, '2019-05-22', '11:00:00'),
(3, '2019-10-10', 'd1', 'dddd', 1730026119, '2019-05-12', '12:22:00'),
(4, '2019-10-10', '123123', '123123', 1730026109, '2019-05-19', '21:17:00'),
(5, '2019-10-10', 'nihaonihoa', 'dddfff', 1730026109, '2019-05-19', '21:17:00');

-- --------------------------------------------------------

--
-- 表的结构 `attend`
--

CREATE TABLE `attend` (
  `id` int(11) DEFAULT NULL,
  `attend_id` bigint(20) NOT NULL
) ENGINE=InnoDB DEFAULT CHARSET=latin1;

--
-- 转存表中的数据 `attend`
--

INSERT INTO `attend` (`id`, `attend_id`) VALUES
(1730026028, 1),
(1730026119, 2),
(1730026028, 3),
(1730026119, 4),
(1730026028, 5),
(1730026028, 6),
(1730026028, 7),
(1730026119, 8),
(1730026028, 9),
(1730026119, 10),
(1730026121, 11),
(1730026125, 12),
(1730026028, 13),
(1730026119, 14),
(1730026028, 15),
(1730026028, 16),
(1730026119, 17),
(1730026028, 18),
(1730026119, 19),
(1730026028, 20),
(1730026119, 21),
(1730026119, 22),
(1730026119, 23),
(1730026028, 24),
(1730026129, 25),
(1730026125, 26),
(1730026121, 27),
(1730026119, 28),
(1730026028, 29),
(1730026028, 30),
(1730026119, 31),
(1730026028, 32),
(1730026028, 33),
(1730026119, 34),
(1730026121, 35),
(1730026028, 36),
(1730026119, 37),
(1730026028, 38),
(1730026121, 39),
(1730026028, 40),
(1730026028, 41),
(1730026119, 42),
(1730026122, 43),
(1730026044, 44),
(1730026124, 45),
(1730026119, 46),
(1730026120, 47),
(1730026028, 48),
(1730026028, 49),
(1730026044, 50),
(1730026109, 51);

-- --------------------------------------------------------

--
-- 表的结构 `attendance_record`
--

CREATE TABLE `attendance_record` (
  `attend_id` bigint(20) NOT NULL,
  `status` int(11) DEFAULT NULL,
  `timestamp` datetime DEFAULT NULL
) ENGINE=InnoDB DEFAULT CHARSET=latin1;

--
-- 转存表中的数据 `attendance_record`
--

INSERT INTO `attendance_record` (`attend_id`, `status`, `timestamp`) VALUES
(1, 1, '2019-05-20 03:08:34'),
(2, 1, '2019-05-20 03:08:39'),
(3, 0, '2019-05-20 03:09:12'),
(4, 0, '2019-05-20 03:09:15'),
(5, 1, '2019-05-20 03:12:27'),
(6, 0, '2019-05-20 03:13:43'),
(7, 1, '2019-05-20 03:13:54'),
(8, 1, '2019-05-20 03:14:00'),
(9, 0, '2019-05-20 03:15:01'),
(10, 0, '2019-05-20 03:15:04'),
(11, 0, '2019-05-20 03:15:05'),
(12, 0, '2019-05-20 03:15:07'),
(13, 0, '2019-05-20 03:18:48'),
(14, 0, '2019-05-20 03:18:55'),
(15, 3, '2019-05-20 03:22:37'),
(16, 3, '2019-05-20 03:22:37'),
(17, 3, '2019-05-20 03:22:46'),
(18, 3, '2019-05-20 03:38:40'),
(19, 3, '2019-05-20 03:38:45'),
(20, 2, '2019-05-20 03:40:14'),
(21, 3, '2019-05-20 03:40:24'),
(22, 2, '2019-05-20 03:43:24'),
(23, 1, '2019-05-20 03:43:55'),
(24, 0, '2019-05-20 03:44:03'),
(25, 3, '2019-05-20 03:48:15'),
(26, 2, '2019-05-20 03:48:18'),
(27, 1, '2019-05-20 03:48:21'),
(28, 0, '2019-05-20 03:48:24'),
(29, 0, '2019-05-20 03:48:26'),
(30, 3, '2019-05-20 03:48:32'),
(31, 3, '2019-05-20 03:48:35'),
(32, 3, '2019-05-20 03:55:41'),
(33, 3, '2019-05-20 03:58:20'),
(34, 3, '2019-05-20 03:58:24'),
(35, 3, '2019-05-20 03:58:27'),
(36, 3, '2019-05-20 04:00:10'),
(37, 3, '2019-05-20 04:00:13'),
(38, 2, '2019-05-20 04:52:06'),
(39, 3, '2019-05-20 04:52:16'),
(40, 0, '2019-05-20 04:53:33'),
(41, 3, '2019-05-20 05:24:01'),
(42, 1, '2019-05-20 05:24:05'),
(43, 1, '2019-05-20 05:24:27'),
(44, 1, '2019-05-20 05:24:31'),
(45, 3, '2019-05-20 05:24:35'),
(46, 0, '2019-05-20 05:24:41'),
(47, 3, '2019-05-20 05:24:45'),
(48, 3, '2019-05-20 05:24:51'),
(49, 3, '2019-05-20 05:24:54'),
(50, 3, '2019-05-20 05:24:59'),
(51, 3, '2019-05-20 05:25:21');

-- --------------------------------------------------------

--
-- 表的结构 `belong_to`
--

CREATE TABLE `belong_to` (
  `id` int(11) NOT NULL,
  `group_id` int(11) DEFAULT NULL
) ENGINE=InnoDB DEFAULT CHARSET=latin1;

--
-- 转存表中的数据 `belong_to`
--

INSERT INTO `belong_to` (`id`, `group_id`) VALUES
(1730026109, 0),
(1730026119, 1),
(1730026120, 1);

-- --------------------------------------------------------

--
-- 表的结构 `comes_from`
--

CREATE TABLE `comes_from` (
  `attend_id` int(11) NOT NULL,
  `m_id` int(11) DEFAULT NULL
) ENGINE=InnoDB DEFAULT CHARSET=latin1;

--
-- 转存表中的数据 `comes_from`
--

INSERT INTO `comes_from` (`attend_id`, `m_id`) VALUES
(1, 1),
(2, 2);

-- --------------------------------------------------------

--
-- 表的结构 `file_contents`
--

CREATE TABLE `file_contents` (
  `file_id` bigint(14) NOT NULL,
  `doc_name` varchar(300) DEFAULT NULL,
  `data` blob
) ENGINE=InnoDB DEFAULT CHARSET=latin1;

--
-- 转存表中的数据 `file_contents`
--

INSERT INTO `file_contents` (`file_id`, `doc_name`, `data`) VALUES
(11730026119, 'TestPlanReport (1).docx', 0x504b030414000600080000002100632d6d6fae01000063080000130008025b436f6e74656e745f54797065735d2e786d6c20a2040228a000020000000000000000000000000000000000000000000000000000000000000000000000000000000000000000000000000000000000000000000000000000000000000000000000000000000000000000000000000000000000000000000000000000000000000000000000000000000000000000000000000000000000000000000000000000000000000000000000000000000000000000000000000000000000000000000000000000000000000000000000000000000000000000000000000000000000000000000000000000000000000000000000000000000000000000000000000000000000000000000000000000000000000000000000000000000000000000000000000000000000000000000000000000000000000000000000000000000000000000000000000000000000000000000000000000000000000000000000000000000000000000000000000000000000000000000000000000000000000000000000000000000000000000000000000000000000000000000000000000000000000000000000000000000000000000000000000000000000000000000000000000000000000000000000000000000000000000000000000000000000000000000000000000000000000000000000000000000000000000000000000000000000000000000000000000000000000000000000000000000000000000b496cb4ec3301045f748fc43e42d6a5c5820849ab2e0b104244062ebda93d6c22fd953a07fcfb86923046d5351b289147beebdc763c5cee8ead39ae21d62d2de55ecb41cb2029cf44abb69c55e9eef0617ac48289c12c63ba8d80212bb1a1f1f8d9e170152416a972a36430c979c2739032b52e903389aa97db402e9354e7910f24d4c819f0d87e75c7a87e07080d9838d4737508bb9c1e2f693861b92e0a6acb86eea7254c5b4cdfa3cce372a2298f4432242305a0aa479feeed40faec18aa924e5b226cd74482754b02521cf6c0f58e91ea899512b281e45c47b61a98a7ff8a8b8f2726e4959eeb6d9c0e9eb5a4b68f5d92d442f2125da256bca76c60aedd6fc9b38e43ca1b7afd6708d601fa30fe9f4609cd634fb41440d6d0fb7f6c2cded0422d1ff7f335aeb4e88840b03e9ff091adfee784024411f002be74e840f983cf546f1cdbc13a4f61e9dc73e76a3b5ee8400a77a62583b7722cc402888877f93bf081ae3bdf6a197fcc6788f7cca1313037d10acac3b21902e31689e87776269b32b922a9707315d8af10fcb5edf61593d087b9dc06d22591fbc3ec8d7a302b5219b2f7f11c65f000000ffff0300504b0304140006000800000021001e911ab7ef0000004e0200000b0008025f72656c732f2e72656c7320a2040228a000020000000000000000000000000000000000000000000000000000000000000000000000000000000000000000000000000000000000000000000000000000000000000000000000000000000000000000000000000000000000000000000000000000000000000000000000000000000000000000000000000000000000000000000000000000000000000000000000000000000000000000000000000000000000000000000000000000000000000000000000000000000000000000000000000000000000000000000000000000000000000000000000000000000000000000000000000000000000000000000000000000000000000000000000000000000000000000000000000000000000000000000000000000000000000000000000000000000000000000000000000000000000000000000000000000000000000000000000000000000000000000000000000000000000000000000000000000000000000000000000000000000000000000000000000000000000000000000000000000000000000000000000000000000000000000000000000000000000000000000000000000000000000000000000000000000000000000000000000000000000000000000000000000000000000000000000000000000000000000000000000000000000000000000000000000000000000000000000000000000000000000ac92c16ac3300c40ef83fd83d1bd51dac118a34e2f63d0db18d907085b494c13dbd86ad7fefd3cd8d8025de96147cbd2d393d07a739c4675e0945df01a96550d8abd09d6f95ec35bfbbc78009585bca53178d670e20c9be6f666fdca234929ca838b59158acf1a0691f88898cdc013e52a44f6e5a70b692229cfd46324b3a39e7155d7f7987e33a09931d5d66a485b7b07aa3d45be861dbace197e0a663fb197332d908fc2deb25dc454ea93b8328d6a29f52c1a6c302f259c9162ac0a1af0bcd1ea7aa3bfa7c589852c09a109892ffb7c665c125afee78ae6193f36ef2159b45fe16f1b9c5d41f3010000ffff0300504b0304140006000800000021002dcfff854a0100004e0600001c000801776f72642f5f72656c732f646f63756d656e742e786d6c2e72656c7320a2040128a0000100000000000000000000000000000000000000000000000000000000000000000000000000000000000000000000000000000000000000000000000000000000000000000000000000000000000000000000000000000000000000000000000000000000000000000000000000000000000000000000000000000000000000000000000000000000000000000000000000000000000000000000000000000000000000000000000000000000000000000000000000000000000000000000000000000000000000000000000000000000000000000000000000000000000000000000000000000000000000000000000000000000000000000000000000000000ac954b4f84301485f726fe07d2bd14461d1f19988d3199ad62e2b6c0e511694bda8bcabff766c8308c4e1a175dde437ace97d39bb2d97ecb2ef804635bad121687110b4015ba6c559db0b7ecf9ea9e0516852a45a715246c04cbb6e9e5c5e6053a8174c8366d6f03725136610d62ffc8b92d1a90c286ba07455f2a6da4401a4dcd7b517c881af82a8ad6dc2c3d587ae219ecca84995d49f9d9d8c37fbc7555b5053ce96290a0f04c046f409460c851981a903cf7731c9211e3e7f3af7de65b1c3b2a70ce9f6657fc9dcf7850a5d2b80438282e84954f0435c81c0c6dd79161965c10b14f8862b0a8e53ba5cd10617854798b209d4bb1f64953698dbfae65969c9578ed04e92c1c09f6e3243a9bb8f5c9f005f92b20d22a2cba5888ce3622bf77a2301379b76864965c14375e5f8b3f5d1c1417c283efdd5c3e98d33c6f043ff90ba43f000000ffff0300504b030414000600080000002100993e3a90b1130000b5f6000011000000776f72642f646f63756d656e742e786d6cec5c6b6fe2b81afe7ea4f31fa21c69beb52421e1364b575ca723557baa6977ce97918e4c62203b491c39a694fefaf52d90847029149669dd4a84d87e5f3f7e2f8f9d0bfeedf7e730d09e204e7c14b575f3dad03518b9c8f3a3495bfff37178d5d0b58480c803018a605b5fc044fffde6dffffa6ddef2903b0b614434aa224a5af3d86deb5342e256a592b8531882e43af45d8c123426d72e0a2b683cf65d589923ec552cc334f8b71823172609edaf07a22790e8529dfbbc9f360f833915660aed8a3b0598c0e7950ef3d54a9c4ab3d2282a0ad787866218d1ca31c22120f4144f2a21c03f67f115d51b03e28ffcc0270baad2a8a56a505b9fe1a825555c2da130919680220fa904dea75f21d297eee03d56300c28061425533f5eda343c541bad9ca64a9eb60de2290cd276f3d8b48f0b88bef0ca4ae13ef0a52bc34020dfaed134f6f00853b194d80742becf144908fc68d5f141a6c918d7745ea7c05a53504be0eb54385245255984abd498c793e3bcfc05a359bcd2e61fa7ed6bf473a98bf1d52b74c968c94670721c98872988692a876eebeb2442188c028a88fa5ea3eed3b807349625fa0d65d311f216ec186bf3166563ef5b5b378cded0327b553d2deac331980564bde63e53c495dc6376f8cba5f54f2068eb2e4d6588f50a2bc5a2120f514412dac0a5a3ec601f04a27ac43f939754b45a63e515295791cad951c1bd78b8bcb79c967add1c0e6b655af235e7d05218d13d668503c3b0ed52d57b7945da7f6561db103d272f3de68f4cd99156afd69c7ef5a82011c130ea2585a0d81f323d7d137df316b9f91490cff718fd055da2fd0142f869423eb3064434db609fbc152ecd3e1703b96aad4316651f04b248eeaa6535ec616972f7ea766d59f3f6945b323e4ebd85f195d2713ecbdeae9f792b00d184964190904ee283b6fe32bdeafd51cccc479810ba9cd0ee6973ed1308e3cfda3718234c2e333d8f0c9c4ed3b0ab6619e47ccd05417ee54496cf827f661cf9983e5c5f3a737c17f710b4ffec376d945aacd3af778ce6691664e7f1fc3b77721f903d97058d81d3744aed92afb920579a4dbb5b35ca20e76b2e0872c1ca228b4e3a8eb511588df51188b292602c057aa4fae2d29540106a210c479490de6dac2ac80af23b25b15fc1ca4ed5a999a50b957c8db2b2827c4190e76fb81ceca1309e5188da83ebc3c8851a883ced11bad3080568b2d0e8743cc1206432ef7df6dd75f1f2de5cff67e413e8695f19cc883f650481d64341002770b7bf3b0d73d05d5dde4be3e50bb3d7fcb91a6e3c5994315efc4016014c11f3935b08d8436cb30bc7084323267214526284d04ff6bcf681004ca8a0ef51cdac970884b0adffff11b996d934cd7aa329ef5c9749705c2b896ad36e549b865197ce631f0148c83718791043ef1e4c601743f09357939bf421abd69b826802b53b34c9d96fd5e98026570a3287665561a603e4ba47813c48a78d82ffd176f3b6de746c3e4eb288296aef19087db4c157ae8a36318d46798b2ec2741c093f43cca9dcdcec4957009944f2d2d66dfe25062e940675291f501f831941425100c7cc7e07c98e1021283c541afb93e9c15dfb118d3f787b9cf8f7c3c45950e4cd3f0aeec002cdd868849fc6fe33f4969ebaa3e1917665d03fa673ec631a8a682ebbe081b93ce3953487676194a9cf1544e8b64b497e79f63d3d5b025cc6da17ec7beceb841ea90e4d8455cd92c15b28ae96169b4d79e9972b768c66ca47997e08d6320c63d42da7d62f304ccfb419098bd602a80b22f210073e1156c3b7301b1fb6b11c59ca7caef84ccf6446f1712dfdb0cc9764cad249307a00012eba951b3da0b5fd26fb17424f9dc09f44a99c88f61485ec3747a6a5431d38ced0e1295c2453cb728cdab2869369a366f63bb5cd640ae49d6a6983ed37bffdb5d943b8bc64362a85fc661d5173b187f8694ec51826103f41fd46326d81667787cf0900deb0bb6925f325f7f5d678139771bf40bce59bbfef7893a1e569ddc5214e6574a79c7a714e958f350ef0289fa994472fcea37206e8c3c4c57eccae5e363b971d84d81e3344cdec0c7a1ceb791618e70f8a0e6d3a181c1d14a9975231b3e41ebf287bc300797da72c280cb362e4c2238380f55fad5a5d7b75d17f1e50f54d88ced37dc5da6a121924e7c5645a0730f48685d4a9f3ca74faabd702785e0dac6aa3e67ca4bcbaf313a0ddc18396bfe52ba5137bad33a81abdfcd3938fe735f33a9ff9fb396cc342e8fcd3d7c773d83d8631c0f49a24bdd3b8d97dec20a44eb1d4319dd4b529b6f32f757a8ed9714adf3d3c5dac1c1225fffce4f5ce2c75c209e37d59eaa44c3dac0e9aa56f43e66bde9ea9f9d5752ac96e860f87871b72be46e102fd79d1301267ef3cd16514d1c8146a1e4c988b600019cb27b40c50f285186aaeb82bb5e14d2845fe8afc15f92b4b9d98fc7f494b295254a4a8485191a2b2942245458a8a1495a514292a5254a4a84851594a91a22245458a8a1495a514292a5254a4a82ca5485191a22245458aca528a1415292a5254a4a82ca5485191e22948911dc40617b971daddba532bdf956950730aaf989e6a1311eeb0c226224ed5296cdb9195e03bc3ac6f3b626f96b0f312e9b623d2a61cdab66d471ed946f41a1a6b3dea26f6ba2837a8307db6cbd5de22725b98f58ac2de28ab0a8e5ef8aee0a541c3ecf67b655eeada75b36b6d7689298d588c3290b8beff3885cc1ea11f217cdb89129ff590eeab9bad1cc832563f650d4b25dd84648abbbee7cb91a660241617c4cb005eee4a9d165825dbe9a465bb77fe5dc519ff18075e6f0ad862407e7be4ac3082133f4ac578e3acb13b5d6bd8116f27fb5142f0237cdeb03182f6f8df9ef60369ba794503f2c754fbf1a2fd98f18d129692994eb6204ad86f4e00815950535a83033f629b9280c89db29f3be777cc61def01382f0823a9a03ce0da4103582c3ba837ad3a98bc6d252795ae21bf1a4f664316e5e1762bdac930f1463d41660b42978dec8e6bb7739dae184391cddfa9e07a36dc077b63f287ff605b32bb9ee3b5f06df06432d17f32ccbb6e5d7961e8f1e7659921ee6869bfc4f6f8fc044a7ab159c4a86345e3d930c0d93fdba9e4ba899243393ece261be303f030f5b8a87cfcec3bb967d6fc1c2591599e5dc11c4fc37000000ffffec5d096fe3b815fe2b8481165b204d2c5bbea6eb00be32136077d648b25d1428b09025da66238b02452593fdf57d3ce4488ae42bb1e3381c606c8ba4a8ef1dfc1ef94429973f5f3c7e61973fc30782ff11f16eba956a75d4b6fac34145968f65f5239e7c239e87838b4b798a2a2541c4d91dfec1d18f85ff250a1d17772b21c311660fb87289c6bdafa39bd115faf38ebaf58eddae77aad536faef1c893e9627ab1e5f80e8db2dab5f5b07e215a73e7e99fade60ee8853f5afbba710248870e83087e38a6ebcb37ef8655d1cbd4ec2529838f09e11c2e71c4a994f827b79148a33c302d449d1104f9dd8e7a2e6aa6ad9d5aa0412aa4b86b7fcc9c7d0f4c1f1bb15ab2a2eb4c4c3ae68c023a874229790bb395e009a050928fbd60b2222ae809d88f722e2a42b47ba4cd4cf45c3c233dd88a78afbc423eada93048cc6e23aa180902e8afe4a0a6ab5a464b06c9494f94e304b21ec56fe9aff73f03dd1a4f629ad86a54a85b0813ba7ac5b493b7347ca42224ed913a849997285cec74cda7dd4ea345a69bbb38cba9d561a8d74a3f3557ef4d21d4fdd42a00b67b26674be56e7431c9159807e7b003223f8713b0394f04139e85772c104cf48f06abeda85cf3b9f8acf6dc3e727cce7a01721cbfef9dc367c7e703ebfa3d48f901378e896c3a7c3bcc8707a21a75bd54fc5e98d93e0f4da11707a40c78cd2e93b91b7b547f2ce2bb45bb9230b1ca1eff811ddd085132c15f6b2e6a56a0227bca35f19f1928b68db3d668eb301c3fa0821631f0eb0afd89046fb224e6ca7ebb4d86f1025d677f7461163fd8576891ed6eed1631da07d2b7087a8b281edb78d303bc337d1e670d1a676d2d1a666a2cd61a2cd8e6b1113713263d1449c9c5b9d5ec431392b216c4120aaef3110655cea238484035ae81039abdf81f5d075c0319b020f22754b623b337c9eac55fd5365ad9adb31bc59471ce93ac2de237de7157ae87544c364adde3a3a94ad237e8f9c1946b72e0e1c4628b2b653bb594e6486a4594ee4bc6bcb606312581f20f0344e3af09804d60ab97733e94681a76602cfee81a761024fcebb4e2ff0983c9610b6201e35f7188f322ef51122c3012d74883cd6d0816b3891c960ade6ffe6a7ca60b5b6e376c3e71f8bcf5b07e2f396e1f3c3f3397166cc59980db42544defa5444de3e2222efb5ad515fee04cd13b906a26bc6a2a83eaaf7ab0d896d05b73f53de36405f42eb771a75c58a2f624cad56b7e58d802534ddb8149a3cf8861d8f0433ab8fa794e16ac80be0fac01437000e33ec8d61a9de67d8b99754c22fef70c4e17c340656c9d8704bfcd91a89bf5db33bbd7639fe9aa5390ec6938000743ce558d091e8060c0c2aadd9cb839bd8870227e6b438daba51b7d263c4f1553551244b7d2aeca45856fe13fd49861e88ba6e85c3d04c90a4d93693514a69344b9c2b82cb5e01094bfddde7ff5a35eeb44fbd0bb6b18fc5643f64f48178183dd198210ebe864270343407572c43fefe7a3d3f52a596449fffd018b9a05486a718944c11f48da6d4f7e9a31856117639a141542ad51138f22ce7c885e493a5c835e499325331f914f024bf4c9ef444742ab5b81d3be6002abdee825aaa6c15f1eede75b9424e818ddf93f1041b6bd69b91078c6044d2943b6519f00c91c0f56311baa5a385310b6984cfd084113c451e8e5c4642316e33e742f355dc341c5acdbe8ab8c7c14d6772065c4e3aef69afc059e0649cc38432028a040a8d42f826135f3028937542ef670873f7fc68682aa1a55f319fd3dcbee1fd32533950431f7b183f794e11feb85046470ec3288eb0074cb2f4d3f397930198814d71140193387ec221cb3e00fdb2df88e3302a1daf42bedac0ae76541eec38d4239ee4dd0070d6c876d3be1a64531d2fa540226f15c06048b22cfb62a148df355d99472994e3f826a2c7cbf540f3d871e7daef453c152196cc82f7e0f47a21a72b2e4716fa6930778219166357c67dc7e5310c5d0d5d44ad7fec07b0d4e33b899ddd3370122265dffb743891de24b8eb912346e20e51337d5a3235ce9143286ed28f98e88acbe4994826df7287c904d60ed78009da269718a91cdd0e17d8902a1a76ddaeca8d55a9de7385296b646ba4357451ca1a629e742be876384a5c4fdf3178aef99eaff1fe1747fc86cce6fc3ac86f9b5a43c045d4bb866513ef28d449bdd918d6e5432a79f1f58a252dbe6e9c127f8f69cf1b1c52c6d75b352781b2ea70d0b26b85d9503dc7488b356c56ad55d95c7d73475b267527480ef98241b8416b2155494a63bdc81a7056e4f29ba4f561d56af4d688ac516d13dad7d2cf316760379a6bee09db8a5c44b25c102340ce8568809f970e2af93051ab02719ae3fb62650c86de40d6ac71de73d27786388125be0b0bfa7801eb242f6632dda2043f3b52bb95ccadc552e742acd72874ca60cd07bcb7704482e8bc4c908f92d7b53bcd56a373e4340af30850cbc6e1224386da12b901b25ace940766b9f39d532447373204050fd38c8585a522f8e970347780fc261807684ae3e099029ef9ef7ccdaa757379277b1a44bf05fed35b613c145b250a7e0be5a2a349c51cafb6c1d561b5e3c52e8439a1fb38c03f42ec723854813b42d19cc6be078301f924828acdb83937094ccfdc3335696e9672647ac9e5afd2bd0cec5eff2adb8b2a929d14317cf1a25bf17369f64492020ae2c544644585bec44c079421f3a4b040d820a792c5ba99142f75b14b2f3be9628394ca079368838cca5e244a567bbb89a9e450e2bc45626445775be74056f4b561baa3d9aad76b859badb235522b9db6351a0dd3c6df8d41afb4d1764c477c44ccbdbedd19c9e723f298b3351f43cfd57eb56367f5ac1ba730ef21ed3300f161a218cb0d31af71ee56dbeab4b3d98eb752fa67daa1a6fde05db0e576a88969939b760f9928c1ce022db09835c86339a598311a87e7abc4aa75eafdc628173f8e7221ce27befed24d277e76dff744750fe57f40d96357ddcf57b1e4f9f63d54ff42a9780c40a1b57bb2d99430188bf451ecfd477a648aa3e74a10245e04a9faa4403609e8b7be1378cba37faba3242f98462d9e0d163f67f00d7d28ac56cd6a2a80d9e266324bcdb5ee340a8a6ddb2e6c2d1e6f58e2482ecf8bdc5b17dd293718d686dae5b9ab3eb510aed6b055abcb8cb852b2f7432f781e7abef863045ac5b056e1982500741719f2ca5e7c0dfba650bd69aaf6953d098fbde5b107c2a2eb6181074be157e95298dae832d1e577b1e7e92712a031099e4870318095352c238b163f6b356ba93f7d62342b359b9e59480dff6d17a5da4df50a6ba354a9d49b643b1ef1092738baf883b27b34a44176f3f8860eab9f4733bad5ba5d38ecbe6812ac1529be545bd1bd8969e985ce5a5f3b95b0b3a1b8a7120b3e194b7f32e234f466e8cdd09ba1b79c750dbd197acb8a6be8ed84c535f47602e21a7a33f466e8ad485c436f2720aea137436f86de8ac435f47602e26a7a135f6affc12ab06af7c45612946ec579bd0439acfa4a59ace50f49659b97602d7ca0218817aa96f80f620782926059779d7dc2ef227d827cfacfc75340d0525b43de441f8f5f2694de8b9b487277229c46bc6e453eca281e52ee56fefc4afb8e7baf2e98b41d4934aaa5ea542a55bca4682c906ca3d95b3849945ef51b2d4bedac9963c7c3ec466ceac5812b94a8478eb2410531796d76edb515ae29a57cb3133aea8470762b1e13917155bfd0620ebf1b6d5bab369cfd2a5f0dc76908e5b66ac2c473987058b724594f28e774f15cadac93d42a2194b550027179388bb93cd49773c59f3457efddc029037bd4d5afcb17afdb1813ee02ca7a33f10ea56ff97342bd27f9034e8917402597ff070000ffff0300504b03041400060008000000210043ffe9d6dd010000b506000011000000776f72642f656e646e6f7465732e786d6ca494cd6ee32010c7ef2bed3b58dc1370d5545d2b4e0f1b75d5eb76f70128c631aa6110e03879fb1d7f67db2a72920b9f33bff9c3c0ac9f0eba8cf6d279052625f19291481a019932bb94fcfdf3bc7824910fdc64bc04235372949e3c6dbe7f5bd789349981207d8408e393da8a941421d884522f0aa9b95f6a251c78c8c35280a690e74a485a83cbe81d8b593bb20e84f41ee3fde466cf3de971e2308f96395ea37303bca7a2e02ec8c3c4882f86ace80ffaf811a43f1f0dac34b89983d33ce0d4eda8e6eebdb20be45a1ed49b2a553822923d0c184849e54cd22316a394c625e9a4f4dde0e1e6c4ed5cb6202a2d4d682352274bd400c617ca8e77aaafa5e1663140f6e70eb1d7e56057dbf8feb607b1edb23201e7c8ef53a9cb4ef97962cc6664a4418c1e7324fc1f7350a2b93253e0abaee6e472e3d56580bb4f80072f2f43ac7a04f5473d7d8ddaee6ecbf22f07959d68ea36da8b791f594dbdba80d5bf96d317ec6f13f35a708b5f598be46567c0f1b7121561ee234c5fd466206a7e09d94cd534aa9370b468e6a5e58e0770049754969245dcda599c62b5ce7ea784b1672c7a8c3516edd256e6bc2ac3c94ee3e19a66c4d1cd9ab66bd8dab6ed237f25428009ca546d2579fd28a8a35fa9e74bf2196dd3d86ffe010000ffff0300504b030414000600080000002100355af941de010000bb06000012000000776f72642f666f6f746e6f7465732e786d6ca494cd6ee32010c7ef95f61d2cee0976d554ad15a7878dbaea75bb7d008a718c6a1804384ede7ec7dfee872227b9600333bff9c330b37e3aa822d80beb24e88444cb9004427348a5de25e4eddff3e28104ce339db202b448c85138f2b4f975b3aee20cc06bf0c205c8d02eae0c4f48eebd8929753c178ab9a592dc8283cc2f39280a5926b9a015d894de8651d8fc190b5c3887017f33bd678e74387e98474b2dabd0b906de519e33ebc5616444674356f4913e7c05a9ef470323346e666015f338b53baa98fd28cd02b98679f92e0be98f880cef7b0c24a4b43aee108b414aed12b752ba4fef61e7c46d5db6c04b25b46f22522b0ad400dae5d20c77aa2ea5e166de43f6a70eb157456f5799e8eeba07b16db33202e7c8ef52a98a56f9696214cec8488d183ce648f81cb357a298d463e08bae6672b9d1ea3cc0ed37c0bd13e721561d82baa31a4ba332bbebb2fcc74269469abc8ef6a23f0656ddb0ce6075af65fa82dd75625e7366b094158f5f761a2c7b2f5011e63ec0f4054d0682ba4ac866d24e832af64783764e186699074b7049a60959448da1c129f6ebf46f42c2f019bb5e18d616cdd25664ac2cfc64a7f6b0f530e0e8664d9b351c4d33f6a17f94c1417ba9cba699bc7e95d4f22f54f423f994bac9c46dfe030000ffff0300504b030414000600080000002100aa260ebebc000000210100001b000000776f72642f5f72656c732f666f6f746572312e786d6c2e72656c738ccfb18ac3300c06e0fda0ef60b4374e3a94e38893a51c642ded03085b714c63d9d8bee3f2f6357469a1c38d92f8bf1ff5e39f5fc52fa5ec022be89a1604b10ec6b15570bd7cef3f41e4826c700d4c0a36ca300ebb8ffe4c2b961aca8b8b595485b382a594f82565d60b79cc4d88c4f53287e4b1d431591951dfd0923cb4ed51a667038617534c46419a4c07e2b245fa8f1de6d9693a05fde389cb9b0ae97cedae20264b458127e3f0b1ec9ac816e4d0cb97c7863b000000ffff0300504b030414000600080000002100ea127b96250e00000625000010000000776f72642f666f6f746572312e786d6cdc5a598fe24a967e1f69fe0362a47961b2bce005539dd5f2026607b33b5f5a5ec2d8e00ddb60c368fefb448481845cea66dd1add560f52426ce73b6b9c081fe7dffe5e047ee50892d48bc2e72af58dac56406845b6176e9eab8b79fba951ada49911da861f85e0b97a0269f5ef3ffefddffe96379d2ca940ea306de6b1f55c75b32c6e12446ab92030d26f816725511a39d9372b0a88c8713c0b107994d8044d52246ec54964813485ac64233c1a69f50267155f43b3132387c40890212cd7483250bc6250bf0cc21202d1780b14bc572d8a4108279d28098c0c76930d1118c9ee103f41dcd8c83cd3f3bdec042149ee0a133d570f49d8bc403cdd444124cd5294cbcf9522f90adf924489ac4300c20c732412e04319a23075bdf866d3e0cfa2c149f70a72fc9912c7c0bfaecb638af9bd80504aafbc027e45fc8b2b03bf94fce78814f9058f20881bc5574478e479952430bcf095f19f32cd9d7129f6d700e877005c0a7e0d82bd4010e92978dd1a79bcf93d2fab4974885fd1bcdf43eb86bb1b164a55bf80758996fb084e7f4f98996bc4702b0756b3bb09a3c4307d2811f47d05baaf823d5041bba4fa0326d2b892376102b6a7cf55921414be2ed5abd7210538c6c1cfd08c2cf30cd7bece4cd0504b66285929412609fe9965271f62378f86ff5c35d82a814633c34c2fbfd7291f3819c28a23a8292fd0245a49bc2ef5421b71f2362e645ee7f034ec975cd2f31506aa50d2e119e22647f955b6c3689244918301de52e64ddf0837700c186926a69ef15c3dbb4ff2e81e151a51f43390844606e428cc606ec283b21b411754a6607ff01200d5805ec3b6b82402d88c9b4668b95152b1bd349b439355714bbab50650108aa99397eef4b59b7a41ec8309320fec9549f5083aa0b408cd521cdba019386502171a0b664dbcd08fac1db0cba6718a0e593794818ff4ad560cdf8ff2313c6d7d23460358c01b9f4a81a94ee81b592646bef15026efdcd8b7930866722bf20f415892c33563c74941f6838406bbef5fbb25c403e0f20d606c24c6263162f72d669d6bd47f8abbc404a0404ea9a0839b23595e40f6b3ee14018e03acac55ae42b61048162e4176e4eb240bcd7b1b33e118592fc31152e650aa11bc79943d3bb22649c583e6a5ab95d008e09e1a7821a8f097d5d6e8a822353cab9dc059143c46132b76191940efa4973d6efc89330567721c9a3f67f6bb2ceea01423332a87e4379363998f909160724be3b2013590c3526eab086771699d30925db8270126999f628042b5d4f98e047552b8d92b663e8c6cb8c638641196bb7092a0e2f85edcc1418f5acb32da0d74aebe09730305cf279143946068519ca4990aa2a0821a307b41af6340e33848b372e975091a0ea3b6e7fb18de0f2bf0e8ae3728088dfa69e47b369ac59d6463ca7e52c11989c49f0be38765f09c0a6d8ce602c36e5dda99e1f9659b406c2eba4079ae5a61affdb7400aad46abc13c3134d77a6248457912db32f3c4b5299e55ea8a2c2bd4ff20d128a6e97ab60d42c4f61a415fbd2edcdd63c9d718bad9817844c7224311afbf5868ec60e4d3d2bb66649f26c9d5f138688887a8bcef2312c821f5ce600afcb7092b363665f0c125b195ad3c3b73cb7c753f70e95f311e21dfa7ac07c8322fdf635e461e4197e5d62d0f057cc2dcce0ae276a2e0c3a50d93b569583b7ca87a16043a3651d4c1c39bb9d077611ea2685ea8b3925cc559e9928c2a113423eaffa34011f58f9422690e3d479dd02de09a3a9bf0a485893c03dfd116691695d3f7f3133c4940d1bc9d2edf8f5e7a799c68e2a60fbe0769f484d2e213c66ba6fb83915c4691199f62905830cf36493ce66233bc19c4e4e8bc838a80277415680a71f6c15416c51f92e07bc12734669465f00a5d925d957d82f6f2cef0f036fc57bd3f59f074f574133e87951c6eabe0e19979d6a720d7e90f20be6e1cbcf0068002ed7ef1c3044c6f381ac9ffa2bf416bc0230d3ee8313c1f67d781a8b9710a1bee16f838dd4a1549d24469237645f8e96a32bd397b3362033be39604bfe7687c458e8e6638f5e19fb3ecf8f9cb7a640f4237337bb3a9b6e095a124b5fff33f0af1bb406eaddce9ae7a0b8ed7c48dcfe97d7246ca51479576f3a23f78510b76aebac72d3ba65572365d8da233c137c283905bc5ae3d54471b6e7fd0f6036e2a6240326575ce4bd86326f80ad5cb25a59b8f87bd7e27eef871c2097dc7ee6c4fc52c48bc99a39f6b8b59b89ae8bc7870465dc3ee73c3566f580862ac10918201c7fe3c8912774dfbed96e707d6989edaa36c2bb385d21662f9303fe992c49a1e676a4c7a8a7af58db0d2c813cc5f83f386eddbf2daef0fb6476bd510ea1870b618efd779786695641376b2debc18a79ad3ea77e7bc1228b3856c14393fdd870dbec1bfa4c17428007a194c8034620e7bfd38cf56fcf6e86d37c2883861c05eba06d6604fee6b2b850b1ad0fc0a41e443f1bdb344869875080a39aba721670dd0f8badef3cdcef038087b3e06343be3dd6ed8dee76771e81e6aca519f4c9db56ae485b79d7bb52da91ee34eaae85e303456a47ea29d841e3213691826e6c2243481f1098770871eb59f96122ebb743aceb8456f63d75e3c65e3388306d8b5fdf6cc3c2ec928625aa6ec9ed5827104756a9b34db19a6babbf7e55c65fd64b0174cef6557acc6de5ec78034ad7bf3c4a077faf040f954a62975923027413dcff51159508d8dc9b0a2adc1a998dd12695ba2e7645be3a764381fb596f52d17090ed0ce494479a5975722c5b4839ad63028a351938e07c226eca149f774f6e04d4c57257659c8587b754180a41e5bc75cfeccce18101a9b20fcf6ba83c614b285f6079a7ce9f4ce037a7132c9e9513fb18cb93aa50b929ed027513b2e9dbd432a564bc85ecc33978efbc7fe3c8bcb38a477a6618246cbea9efaa2a6f65ad45ae0cf076d5b630f036ab9ec108a7856ce00fe054ac31e479b717d1eb84b2638e97aaa2da9c5295aeb0131314815032e9893d563a2e97eba3836f41d4f0c2486a0791030fd89dd4f7da6d025afd36b9b244c2d41addfeba8243ba50a8da61931005b736135cc3179d05f4c12036e467cefa5370b186ebef6dd20e9afadf1fc7038b74e0dcfc946399734e82d1882d3b4ab8c0a61ad0a76b6ea4ddaa1a4f133324fb8ee42ad69d6aa336df531e020a124cad2e6d9c0f114ce1d2ffa07db3c9e34cee3a7f3d930da9e97e2681972719c747c77030ca6138c3ba3644764443a990ff4d578aacb0ba01bd32e06944e23436eaca7bdce2c18719cb869c599d9f7469d6cb55dad8e5c7e52fd3d6b441dbd310c49462593beb6338bbe3ccd42b143988ea00ff5740b38c10b30a04e0f79aae5ba9368dd323ae464996cd420ea8fad453fa4993943ce867db736219d6d6fa0bf2824b7cbba2d4b92a3a433766a334e6bb4a254d7b8ae27b21830e99113b6c375dc8eec2fc941bf2fcaf1a24d78077aa792c38e9f495a0ac613954f8c653676c54d647a6d32135ab449ad13b54b8503d9771db375ea4c30e028cb0f4b4b5656913229e6fb013bb6d2704687277a573bb59c2d3b93265c3dc9f5e5dadf10ad7d209cd7767db9a4ece0a8c9f58147e979e12f3776b14c31a07facd95d999db0a71315d0d3a3b37041d400aa6887c984ed8fc59c394f8c6cbb17fc58e76a8ac4d4556698f172446cd8299ffa9c506b68b9284e0802038ab9a4cdf261ab2d8aaa28a2dc24bae2980f6ae17c853a9288360f4a6bd2ce0a87c71755a89b3055d91eda3dc570dbc8c630536953c72ebd4c7487d46c7c8a726ed8d6e2bc2f99ed9d66459dc3402d44c2d469954d889893e6cb1da8dbaaf0c2c794a0f3996dc5674d54d75e6ee8851744aa4e977b396bd4cfc594ced7b2b6e7b4de5eb41b5cce47c404f8bb7da32bad89656dd07d99cae0652527b25ff4cc330cebec65c9b5f63df524b07263d09df7acde7a57ee146b2f30943d4a6b3d70de6d06cb9d2eac144ad86ed363d46528c7f4d6f9bcc892881ee564a2ae887cc61c4fe964cb887d7ebf62ce9d06170f39613c2bb79e32cf16c17c2709adcd3495a7827ca8ad478db939a9bd0805410c84f3c3b120891e293ed87b6028e3dea0764b5f8c068d2e0d51fffda79d293045932f2b965c5353d65297e7f50c3b033ab2250f3471218aba28a3b572ab041c4f4897107434b21035f89dbf833da2f1fbc3c8ec8c3e079c10ec7459a02c2c0ae82853b0260f9f03d2ee7dc27d2f65198710993f989c3d4252c2a083d228efa49468c4ac049d1e6d9a3dbdacf50350a914dab52d9542b44a4088d040009d5dbb247e7ec613e81e9d443b905f2a317578cb2a8b45e5351ddde35f2fefa8f7be78842a4bb840755f795368aa2ea367c4ffb3c2d56325ca0bf1f3c34f2a51af45282cc6635d053ec1f26cf970ccc28759ba2cedfdacb682ca56cf5581854b5159e55a52792da250d722ca045aee90800a5c6883d482548bae3c8836d1373388ffd2dacaadfa20a63154ebb5f4f04f2fb7fc31148a3f684588065b281a2f62c1d66fa38547e823a433ea40535c3c487ed98357ba12c540423d967b5e0dfe3a9424518e2a1ee9d50f8f28b8fb2099099f64af4513d4ae244d1098a81e0a9f963104aab95853c8a96c6709c82c17351d48761947e597eb04e6f10a8b7a9f979dfeb0c4f4e126fabccc9440797ea9cc8437db9b99c083e9a7e27bf031b171ab30fd4125096b5d966270334615969f555fd00e2913cc9baac64799eef28ee12ed37d56d0c7ef032efd32c7e27ac8d75e583ccee01716024fd22d1173fe6b5e586cad2b3d9ef9a5b7185f517792a0c17a8b6148e65fd106de077adf454ba99e42f2025f4afc0119648f121d0c57c342e5ad04a42039c2c4353136a082c5fb240e2586a724fa8d2dff8899e3db303b219c4bab2c519b60732dcdbfe1f435582f8429678e12c587ba5426a2dac2cadc16fe054aa500bd99c9c0877a21dc96422b0c7e91748f7b7f73b9f3d20ff6af720608eddf70c5672e889cff37d1345a0c5140cdfed5238afb6745d42f074fe53176089cdb09fc5f4c3ffe170000ffff0300504b0304140006000800000021003fadbac4b40c0000fb1c000010000000776f72642f686561646572312e786d6cc4595993a338127edf88fd0f0e4fc4bc786b380c06dc533d81c1363ef0816fbf4c7083cd2dcce18dfdef2b81edaaeaeeeaa9999e8d25a28c944a7d4a65a63213d5afbf15bed7c8cc04b861f0dc247ec19b0d33d043c30dece7e6663d78629b0d90aa81a17a61603e374b13347ffbfccf7ffc9a771d2369c0d901e8e691fedc74d234ea6218d01dd357c12fbeab272108adf4173df4b1d0b25cddc4f23031301227f0aa1525a16e02009712d4205341f306a7171f433312358793112085e98e9aa466f18241fc69101ae330f64b20ffebad859119c0412b4c7c3585ddc4c67c35395fa227881ba9a9abb99e9b961012efdc61c2e7e62509ba3788a78728684ab716e5f6bacf483eb26e3d450cf58b6f0669b52296981e94210c80e3460f9dfa7f150d0e3a7790ec7b9bc87cefce974704f5630e21d6567901fc88f83753fa5e2df9f71109fc031641108f191f11e1ed9a77497cd50d5e16fe4baa79a55c82fe7300e457001d60fe3908fa068181d27f391a7964ff9895874978895ed0dc1f431b05e707160a557f02ebe62daf3d18fc98302b478de051f6f5eec80ec244d53c2811b47d039aaf5159a0814e49f3330ca45123efc2006c28cf4d1ce744a6dd6b37efa4458288147c06e483289a967af15234d22649961adc471688240c484268d7c88ba47aadd2d2830b7633d57b6eaa541343d454d5c0ed7d1fd23d534d105814c2fdb31d0a7fb0de5912d776d2070b47b0150bf60297d46b82ab00ee73c83b4f35863de4aa7feab65b2df4fe2cb800b24d1744aa0e551925263093cc6c7efed94b3f2d92f064ea6963a6fae6cf76faa9513d95543542b5d047d5fc7748554bf0373d5f6ee47f25205265635b17038d9f9022dfac8c0cf7317fedf31da24d7ccb5f0581a13a7f9bbf7aa6f5e28b4cbdf3f71908ea1bfefc8683243a7fc0411314fd6d874796f8be8b0721f4d3d0aaf03d35b021a6a9829407aefadcbc3a4fc2ecb5e560e8e0bdd44c0235358530486146ae888213c2c0d350ccf8e2426bc2a802b33c82bca53fd88cba6aa03b61d2305c90aea18e9b55abf7684da13208aa8ddfbaca4b17b87ee4990bb455d8ab4b89cc944c74eaa17e68a24333504bcd86663a6e60c05aa162f442fd6c1a75532dc34b3a0a04d383ca834ea07a5e98cf618de9a9112254023ed66914d5ac12fd22cd4448cf2eaa5fa4c7f2832484f58b1e7a173fa8a7439eb9650133fd8c4385bdeedfbb35c41bc0ed1780919aa876a246ce97981d86a3e8efe16eab0966818cd240e56a07a7190ee94f7fb511d3b26050ead75c48171c4e4316a44718b7917a1f340dd298365eb9169c9943a966b0deae7b46a82f92860bd50bcf590043dc7373ea066683b871ebb36c88b6e1ea83048e22e751bbd5c66e9429b40eb86536f52f545255fd52b9e6f717fbd1255e41896aaa362ec90f96047516464a82291da0e0051b70074250cbad17c12aaab513848203cfa4594d599791895cb5def3ab29a803e0d16e68b91c1a9047bda461257761257ec3f2dc48aa9c1eb5b6b5b7aba89afcc2cd55e43cef780e568321a62801e9d00cfd066ac04804ad5e01aad914a435eb9d05918370e07a5e05ef050d58b0b6590242a33e083dd740a35527b135c14b1a5578c3abe7b6f01b36589d054685e698aad1bfb553d5f5ea368696b9ed05ca73df5565b57f7338d767fb2cf544919dfe13858be2133f10a8a7ce806068b12d0a8248fc078946505dc7350c3340cbde3de8a345f2abaf37fcc5871e7ac0dea257224311efef4ae8cac0c8a6b575b5d02817c9ddf095d3606fbcf2751f4d812b00f76a2aa6f765c08a54bb763ec812e9e9ce3552a78e57af09b7fe1de32de4d721eb0d641d975f63de286f41b7f5d1ad934295611eb9027b64942ab90c60b0d654fd5c65615787405917791d2c59a9dbfc110af302c930344335aba8740b468d10aa11f57f2f9047fd0e089ceca0db8312d5bef7d0d985591306f2d4fc848e48b768949fae4f30939845f7915d3e652eb87d4477aba6677ef241f884c2e25385d705f1454d6e54a4c6a7c84c741867bb7845732a357c41aca6a37c0737623ea1b4dee5a2f41b4369187d734a55fbbe33470bd3147e38d6d3ee9b7d82fa72af3079abdecbbedf6178ba5bba9b42d77ccb059367eaeaef82dc87bf01f171e5548c0f00e468af99df0cc0f0567923fe2ffa97361dc1ea280d9f9b14c344e98312766dab30e079796e6efa40ecf5967ccfe6473c7c464b81b4afee0ab36167deefc1df35a2eff059a6058a07ffacade4e5c7fdcc98064eaa8d57ca72c38872af37f8f9a782ffc4e1273db746bbf1a6c32c79dbeb1c26f80a174269d83baf8bc9f4382ce8f5d0c94ef49c1ce22b65370baf18c306172ed78bf3401eceec4e7c59c6d38ec2578038a00f1d37a1b394f344629cf7c4513e97c7132992bc28e97013cb904e65b1f21377651daeadcd2ad82d0e0c7fb16623d59874e4fe582e383e12b150ac00e7de3a0913674f7a83beebf9fa9c548c597a12e8421c7091705997875e8fd6dc8eb6a440198edb36b75be2258c60d3ab4d4f0c61ef4da6a74cdfb15cbb025c6de6f13e0faeb498d881948ed7c51c2cadfe64b466445f5c6d04b5c819250e5886658ec05764ce24b7fec2eccda84b7cc8d6e98e3965eec9e6665859018ec1ded4a7311eb77662c767a1fa450ccb65fe6b63f114b6923002196bbc44c69a22fabe3df63449cea6c1d8ab0035697e3ecb8338bff2b2736989d961a158fba19a17ee69edb64ef8308b24201e5c5f5677f8a124ad8494a9454f0e126da3614b8ef2300b73649788955ac2ed8804f3b4b319db46ebe88ab6654d59f33cf0062b2ddbe26148f535c1b90e0bcae2868aa191b4248383137b423ea4bd641a739a7b3c17bbb91b1f2a40923cb8eb4425cf07f9427844ba14db38a62dfc769e1f667841b0b646d1bcb18443117dc2c0a047aef1c19251f0603deb6fdba74ec859e6f29a84845b5b79c713d4c06f2d599550d9562fbb600666c81a393ed01777a13943ec9c06941e0f379899b4233dcb85f7f45c014265cfa66d7a334234117e46c1f381068fd2f83a2537a5862bd9a1a4296d57820d4e2ec8925f665b2bb67051ef73e951bbaa0515e7f19c3c2f2a40554923a30d027b38db88bc330a26a7d8e25a3d6bba3eeee3385e5c849e69cd0fe67a214b76cb50a414e67c212e66e7bc38d8491c794bb298600b81952ac03e55ea632a54626593b1c73e83890e8691cccea7260b63023caa38f4dcfd78a0e130b8f8adc9581ae2b442144b92a478df3c691b9dd5e63879386a780598cf98f171bcf2a9ce7aef397e32d9ebf3f5e5b2eeb3ecc9e266792761c993299ba53216b553e7328b3b1a10b4eb70e5935ee4ec704956e95eabec8c9c6505a8cffd6decaa6638c6b716d1236c2f498df95cda4ae65873a29ea9e6bd1804ab19b761537d9deff8cb88628bed38b33075eeef312374f34dc43a74bfb6b2a429e15851a4dd56f0671d8a5f4ef6bb59aa0cc556324ec435c744e26abbc9361ed0e5806287b93feeeb8ebc9a018ac73a1a96f43cbb949964329b3b152050883812056be90b78666f923d3f77c3fe02e00b491ded99dc95a7ce7c4a60fe445baea4a418abcbd1519096bbb98ee929e91cc6ca61e990ca795eec2bc0eb59a6f929c1f3de358a8e7c2986bd4dcceb83b1e32d7bb4b5de24a27d522e4c7bbb5e85271cc6aa1536e23b795b1740db3defc86d3427e7636096d37305582e55763bea2fd470c05ed363b49268196f792e884e67bb9de37bfb5aa6134a92e8e376e1d819a02ca615772ef1296186dbe9948d47db93d4df8204c87570186b587b23e8014b47c4843a99dcc6b9ec768bf166527a6d4e9e9f0e14b758e29292cd4e3ed008dee51cc79f518b19238498cdb5893eb64f0896d0eb93f27eb812d61b634a1239ea1d50b85abc9c20253348ba3cee0f17734880f5089bae819cd78edddfb7578b529c6d4e2096e789a308c1f2dc07bba358f23b1a30239e9b259ae6275cd01f5dca409a49064be39d566890adcb86a67861eae8337944ac2bc08d28abfcaea5d114600e536fb49d8d06043f6919872361b59355b955073cc3c4d8d696c3622a278a62afa8734ab7fd9204175618f44f479375ccad175680eb919a8c796ec33824a646a1c7b5c7c38bdff388d1628bb74c8acda7f16e3697cc2280c6d25452b4c1717b75bc420c8ed8bee0b7272555ca3db535ad0a9098f483886c1f423d9105b52709e9c0ef1daeab1607343e0558beb8cc31ceca2ca4cb0586f1796fb9cafbc274c96fa06e79012956e8f369285315e039a3501e71f825cff72b037cfdbc9be407bd29bf1ca5fccd98372bbf9f80de3c020be93d4bf7b7402fd94bf526de07fc66907d0b48c1ddf5ce7a2067c7f5385386dce94b292bc03ff2bb378f14f61fa043aeadc1d469b8289a1750af9be143421e2ab0c78b57d4b2ec4d45a90651359d846733bfddc7b461a5555f19d5c53aaae65f4a78d4fbfa0ae97bd7a1b79bafdb2dd4ff83eb23778cafae135fa17ce7eef07e1d578363d5bf2e3fff170000ffff0300504b03040a000000000000002100c55ae505bd090000bd09000015000000776f72642f6d656469612f696d616765312e706e6789504e470d0a1a0a0000000d49484452000000430000003d080200000079804395000000017352474200aece1ce90000000467414d410000b18f0bfc6105000000206348524d00007a26000080840000fa00000080e8000075300000ea6000003a98000017709cba513c0000093b494441546843cd98db521cd715863b4f809f203c81ac077062ddbb12bd802d17dca5a2283771124b48709528ae242e8dcb8a5441522e22ec0c605c46241a44543238022370152866c4c1d170b03033128799e1a0990127ff3ef4ead57bf76938c4a2568d7a9aa6f57f6bfd6bedddfdbddab73547fefc57fdf302fdd4a908242aaadf6554abdf1e349c232529ec942f8cfcf344f78d37fb3f1acb2f59c93aa87ace7fb42427baaf3b975a290616bf9230870940771324b8fb51b80b4570526d9ce4e4ad8e23c2c06d9d23680f9df281c5394da278526d28d18b4f126098b98d022f088e7ffe69df0b424272937afddad41895e578c7e5c24ee9bb2239686ba22c08d80c31b7f1f4e830c2fae4a000a41823b8f1c6bb680f1404eefabf91ec1fa0b0b985b08582848faf4092b9c2c63e082b7b5523f8ecda2709188eb7658eb7666c188f448e2f5bf1b5cfbe729a3bf19904c656cfcf1c944462f43b4d69a7396dc30812397fd51033e40a0cfca1f8db009868dd875f135443ab919a40c52ba3495c184ea2319a25898ceef1055c502f005d7fd09af0bc2a416023185f4d526d44e262741206ea992f6fd58f51a9ece9382809c47930d227dc668135691f12bde1ab64520c4f3701a883e77b954320316164654efcee2e127c7e58f6891b3833905d96b492447e4656234a3ad4f300497d230bce79b37dc41e53a6619a3b21fa3c4d61d9f420816eaf1a6248f4fb4d25a4b70fcd21ecac1bd20f4422269594c2c714995bd846cf225116000b12d5ee321ee49e5aa6da34148301fe44b970102d7dff2484a18c11e88a572fde25ad3816eea28d7daaad6b7c41cd6be5ab07b90261285902c31d65b1303b7b151e49dd85c4ff2193f5521e62f1f33d93748d2419e07dc27f8bcb8ca46a0cdd42a2aa2ffdb4875f6348af8fc4188b308c35767c466f7ceb165d204894bb64bc74e5b777b24f744d6465b87fb4a954c5645980319a2b44ab8faa49ec44f7c1c8ff1536eb1a9f47f8bab9297de6832f66d60b005024673eed5b296fd2a2aeb4a24ac0f36ae52ef90d75603cdfd913e1b92b96812e1030ccee7ca4f2869ec9afc31b804165dabf1c533e39a5fe960d06b504f152379cfe78743ea21a5aba02a0484ee21bed1a869981b590108a34db93076698ceaf23dfbcad4d8c806a0448dfde7b6e443449c0c244face748cf30af04c9ff9605c5d16e872b81f59d72ba37fb17fb935333a9fe79926b9eaa40d40676c12537dc45087c54fa68668b5c6c1c9f73eebcf3e896d53344c4bcfa4180faed31a7fd9d7d233b1522e47680dfdd5eef3ed5d5f9f6886fc7611af73d48a26da74bb08afdf599c0d8bfec5d9dfdf1f474caf271c359e5b3aa7a75a0646d2d35399c5d9cce28c1b38e65f67c0909e7bd8f8977721a9f1c61fd3b30f215dc5961b0e6b74bd8d79b5eb3a7fbb0318f4abf196c4bb80bfd14ab5b50c0f8414c4f4fa687ea1e1ea45efe945ed03d4c8e6c7975af1fcfc682dcf9f73704166618618d48147422ef2899637454d7c37629b42ef62f7a5166a28614ce986374ef577d32ec6c763ddfc67f7face6185e59c975a71261949cadbc0e2bf816d6cc54692e882e9f5e0960d20a1c749ffab4ae37d9f47c26a0592cddd1d1e664d904e9fbb526d48de9f0d77b9e9b7f170717ccb4a7f7fbeb2d08045d3dd5c9aee6590705716eef25f797b61c626d18d4efe863d048cacf2a93b1fe12b6a82b6e6215b5335a5f70971d1e3853728bcb1bcb591599885e3dd4f1cd0f12cb45240f487b39340020ff8affe7b946394777710a8894962b5ac76bcad3293fdfac76a0abb81af3829aeb4660bb7f572a97c4e4d61bdc0a75fbe9079e7f69491e6b0af4aba110e35ba1fc0d7af81996ef978d2b79ba427c1a6f4b99e09a31df9d7915c9eaf24de4eac59f03c29956c8040e911249efa58af7bdb275aa41909c405c24022848add0a7bfa35b66d0a268974754dc90d5e93a8bd8066939ed118fe8d86bd73c9e6d7207d6a6de59d2f86e07295e937da87f97698ef0f683f8f3dcbd72130a45b1cd47ce190a982eb60d9fd0df188429b59f16e0159fcdb580e8103aeec74c73830c48092c3e3f4bd5b48b6017cb667e21f534ba73bc68cf3b89582f1a4fb75bb18dba59a0e8b24b2530506eb6f20217fe46c1c34bed5479c3fbc78f7dcf01d1aaf58d1219a6d993baf0ece928b706cd407304bc5929178d25dac6d1bc148d81e26b05f315b4c0cab417576a5f1407216246c1d4005f81d7c29dfddb90218de6cb2da11d2034944af474c1b6571a4dcf58f7017af067eabb2fba3f786784dceaae7787709ff702ce739b329fde5caaa91f22b83331cf54f833376eeed331bb56d046aa2f7fd9c246c90130cf9980f19e11036945e6f1fd124ee56ea5f8f57d8cced442e968a459575d207f5ea2661184ab71d0e357a925509bad188afb70fdbb3e5ea90343a7bc7f3f7a9a5b3f7bd3e41715081efff423e93b82f508e5db8bd582c1a690603c708936e9c8f214932d7315e84c539866c12e8f64864b74071c783c792c463b661124a5faf6df19024725e514d12aad7f3b1168041b6795bd5c4ed13957bf20fc10366a1588c03f0e93630f0d5a1f68806085b92f4c06169e6391624ec01419140b180715f08a9030b2646b726a96ead57b7d664449144ae4a7a3d8202ee2bc32a6fb3f504c5e1599795617dd594be39f678bdb66d27db77c6d5add4af5537297c2449a41bdd897e3de6be7ec7816a5f52ec7357aa8d9340f46536732f0f4e073098ba75fa39804742ed61ada6d8d5e8c4470f750173e176a0d7454dd853abad55c1680c669540adc6c9d5ea260fc74f92483ad99d728c7eb55b16ba7f7dbf9f3fa39b2432e513df3c337c128861e8b6bf6a12b47bec6a1a375b6071d3e52069b8f29b1f745f3f76f37d205177c64a8fd54d173cab96553834b2c27601d100d10d3ab9ba3cb1badc9b7bd43bff68703917e6997de826806092d8ace382c4b3454c95f71f7e4e3bc8631d9773e555057328d20d188716b8308c58e9cc33de4c84dc89d527c66bb89fdceb8d66b0331d76e669b5ec8b4ad9a1914524750e759f7af20f14f7e6b2c63bb157baae192409a5dbba9f56ca4680446f45a3721fbe1e71eb1b2ad11bc6cbc5d77a6f1ea274455270c3a1463796d2247326d6eee80dfeaaf793f96c72b7d859e7ba09205f29ab6024bec4877a26563dd7fa9ff2b35fddcfbcd2d5feda277fe518a65b607acb2d81ba0140d2e54189c2a1f6d8f7884c62982446af4bfa4aa5644400495d593f74b7f8b3eea5dc961e401235ace22cf7e260ff0f7f3b5296f63be21d0000000049454e44ae426082504b03041400060008000000210096b5ade2f1050000501b000015000000776f72642f7468656d652f7468656d65312e786d6cec594b6f13471cbf57ea7718ed1dfc881d920807c58e0d2d04a2c450711cef8e7707cfeeac66c609be5570ac54a92aad7a28526f3d546d9140ea857e9ab4542d95f80afdcfec7abd638fc19054a5021fbcf3f8fddf8f9db12f5eba1b33744484a43c6979b5f3550f91c4e7014dc29677b3df3bb7e121a9701260c613d2f226447a97b63ffce022de5211890902fa446ee1961729956e552ad287652ccff39424b037e422c60aa622ac04021f03df9855ead5ea7a25c634f1508263607b6338a43e417dcdd2db9e32ef32f84a94d40b3e13879a35b1280c3618d5f4434e648709748459cb0339013fee93bbca430c4b051b2daf6a3e5e65fb62a520626a096d89ae673e395d4e108cea864e848382b0d66b6c5ed82df81b00538bb86eb7dbe9d60a7e06807d1f2ccd7429631bbd8d5a7bcab304ca868bbc3bd566b561e34bfcd716f09bed76bbb969e10d281b3616f01bd5f5c64eddc21b50366c2eeadfdee974d62dbc0165c3f5057cefc2e67ac3c61b50c468325a40eb781691292043ceae38e11b00df9826c00c55296557469fa865b916e33b5cf40060828b154d909aa464887dc075703c10146b01788be0d24eb6e4cb85252d0b495fd054b5bc8f530c153183bc78fae38ba78fd1c9bd2727f77e39b97fffe4decf0eaa2b3809cb54cfbfffe2ef879fa2bf1e7ff7fcc1576ebc2ce37fffe9b3df7efdd20d5465e0b3af1ffdf1e4d1b36f3efff387070ef88ec08332bc4f6322d175728c0e780c8639049081783d8a7e846999622709254eb0a671a0bb2ab2d0d72798e5d1b1706d627bf0968016e0025e1edfb1143e8cc4585107f06a145bc03dce599b0ba74d57b5acb217c649e8162ec665dc01c6472ed99db9f876c729e4f2342d6d68442c35f719841c8724210ae93d3e22c441769b52cbaf7bd4175cf2a142b7296a63ea74499f0eac6c9a115da131c465e25210e26df966ef166a73e662bf4b8e6c245405662e9684596ebc8cc70ac74e8d71cccac86b58452e250f27c2b71c2e15443a248ca36e40a474d1dc10134bddab187a9133ec7b6c12db48a1e8c885bc86392f2377f9a813e13875ea4c93a88cfd488e204531dae7caa904b72b44cf210e38591aee5b9458e17e756ddfa4a1a5d22c41f4ce58e47ddbeac0314d5ed68e19857e7cd6ed181ae0b36f1ffe8f1af10ebc935c9530df7e97e1e69b6e878b80befd3d77178f937d0269febee5be6fb9ef62cb5d56cfab36da596f35c7e5e9a1d8f08b979e908794b1433561e49a345d5982d2410f16cdc4101507f23482612ecec285029b31125c7d42557418e114c4d48c8450e6ac4389522ee11a60969dbcf506bc1554b6d69c5e00018dd51e0fb2e5b5f2c5b0606366a1b97c4e05ad6906ab0a5bbb703a61b50cb8a2b49a516d515a61b2539a79e4de846a40585ffb6bebf54c34640c6624d07ecf184cc372e62192110e481e236df7a22135e3b715dca62f79ab4bdbd46c4f216d952095c53596889b46ef34519a32984549d7ed5c39b2c49ea163d0aa596f7ac8c769cb1bc2210a86710afca46e40988549cbf3556eca2b8b79de60775ad6aa4b0db644a442aa5d2ca38cca6ce5442c99e95f6f36b41fcec60047375a4d8bb58dda7fa8857994434b8643e2ab252bb369bec7c78a88c32838460336160718f4d6a90af60454c23bc3e49a9e08a850b30333bbf2f32a98ff7d26af0eccd208e73d4997e8d4c20c6ec6850e665652af98cde9fe86a698923f2353ca69fc8e99a233178ead6b811efa700c1018e91c6d795ca88843174a23eaf7041c1c8c2cd00b4159689510d3bf366b5dc9d1ac6f653c4c41c139441dd010090a9d4e4582907d95dbf90a66b5bc2be6959133cafb4ca1ae4cb3e7801c11d6d7d5bbaeedf75034ed26b9230c6e3e68f63c77c620d485fab69e7cb2b479dde3c14c5046bfaab052d32fbd0a364fa7c26bbe6ab38eb520aede5cf9559bc2e503e92f68dc54f86c76beedf303883e62d3132582443c971d3c902ec56c34009db3c54c9a669549f8b78e51b3101472e79c5d2e8e337476715c9a73f6cbc5bdb9b3f391e5eb721e395c5d592cd14ae92263660bff3af1c11d90bd0b17a53153d2d847eec255b333fdbf00f864120de9f63f000000ffff0300504b030414000600080000002100d22bedf9ee0000006f0100001c000000776f72642f5f72656c732f73657474696e67732e786d6c2e72656c738cd0c16ac3300c06e0fb60ef60745f9cf6304689d3c3da8e1c0aa54b6fb9085b49cc12dbd8da48df7e8651586187dd248bff9351b55de6497c514cd63b05aba204414e7b63dda0e0d21e9e5e4024466770f28e145c29c1b67e7ca8ce3421e7501a6d48222b2e291899c346caa4479a31153e90cb93dec71939b7719001f5070e24d765f92ce36f03ea3b533446416ccc0a447b0df41fdbf7bdd5b4f3fa7326c77fac90c88c396f5a9a437ea76c631c8815f476a2accbdda6bb34afdd991261d463d738a6e8707a8be8b83bd85c76efa7e3e92614c6f372638edee48fee979f08c8ba927767aabf010000ffff0300504b0304140006000800000021007b1e8dc68c0f00009744000011000000776f72642f73657474696e67732e786d6cb45c5b731bc7957e4fd5fe07159f9766df2f2c53a9be26ca5ab62bb47fc010188a280318d400144d6fed7fdf33034094a8af534a52f18bc1fea6bb4f9ffb393da3effffcfb66fde6633fee57c3f6e6827fc72edef4dbc5b05c6d3fdc5cfcfa4bbd74176ff6876ebbecd6c3b6bfb978eef7177f7efb5f7ffafee97adf1f0ef4d8fe0d2db1dd5f6f1637170f87c3eefaea6abf78e837ddfebb61d76f09bc1fc64d77a03fc70f579b6efced7177b91836bbeeb0ba5bad5787e72bc198b9382d33dc5c3c8edbebd312979bd5621cf6c3fd619a723ddcdfaf16fde97fe719e3b7ec7b9c9287c5e3a6df1ee61dafc67e4d340cdbfdc36ab73fafb6f9575723f0e1bcc8c77f74888f9bf5f9b927cebee1b84fc3b8fc34e35bc89b26ecc661d1eff724a0cdfa4ce06afbb2b1fa6aa14f7b7f477b9f8e382f45d3399b7f7d4eb9fee716105f2d60f6fd3fb7843e2d71b57fdef4bf9f17daafbf852547e887d5ddd88d47853bf163b3b87ef7613b8cdddd9ac821bebca1a3bd99a9bb784b5afec7306cde3c5deffa7141a2261391ece26a02facd5dbfbc7dde1ffa4d1db687fd3c485c1fee6f0fdda1a739fb5dbf5ecf86b458f71dedf574fd61ec366402e791794e77387444ddf2977eb35b4f33c7ebd5f2e6627cb7e4c707f687e775ff73b7edeb7ca0ba5a1ffa9116fbd8d1d125637c5ab95baf6fa7e7f644e2f4f7e2717f1836e721360d4d8b6f0f5f0ccd4befdf6d7f9d64318f3cf4dd64fc5f3cb57da4b38eaf470f13cbbe1859aec67e71385239b9869fb67f7fdcb6c19fbbb12386ec1eda8ffc78deb9f9c42f1315e70526ae8e2fe88915876127fffae5b1e6f18fabfdeaf511ba89b75b62d43cfa63b73922b31c96fd7df7b83ed08eb7b4e45900569ce0edf0f3e37671789c7dcaffd02ab4df0c2c1ee8a00b5af776d72d683091ba8cc3fabcc072f8713824728823d9eb71a987e578fbd0edfa7cdc71fff6fbe17a3f0d9c48d8bff978ddff4edad82f570772d0bbd572d3fd7e732198f2d30a576889a7ebfb61386c8743fff3f8f95f44c7a46f97276d7b353c1feeeaf5dc7ebbfcea8f57eb7c397a5ee68b89c728f0f2ebf61851268d23c693917c1e25de0fcb7e92d0e3b8fa76b7318b796232d747aaf0460345c071b5ec67659a253f99f4edea8f3e6c977f234b5ad18ab35cff0d0afe1101fd76daf927f25bbf3ceffada778747d286ffd066b3c2d5f56af77e358ec3f86ebb24b7f01fdb6c757fdf8fb4c18a8cea3d69e26a1c9e663e4f264989c7bfb9efd5e76a4469cc72d6f4e9c7df4963cf8f32260c573c1f299dd017841ca8d42d44310911ce927018d159198808a9456a20999fbcc86b44298bf711aaf8d9d8bf42a4620aaf264d7405224a6a8ef75146260511cdaac61468658bc088d6ce42c448564f9af41ad1a5e2d5acd0064bceead2d8c7d9d2a0da73ce2a46a48d0d84781d31629cc1d2f636324c75a4f5300f22771aef1335aff83c89c5162293c5b4654ef28648112ce339458463d8f91ad13c60aa8b493940a432614fcefa356284c31454a332d45e2ec81a2047b91046c293528617b005939fb0016a1597467b78522e6de33c5c33eef03e5ad04610318ccc1e233a486825dc325b316d96188af9e698cef8a44e248369735665cc6bcf4d81f6c3bd7019f3c00b8f35917b15cf49f82b84f45ae07d92120c7327696fa04fe4453aec0f782510af56b596983bd56609392a982e584304b311d326b89001f24d90997248b5109a19286d216c32d0c70bc992825210526686cf236d5518d1ace1954553afdb715b58eb2dd403e164c0b144381b25e68e9751635e7be532a6c01b8ef54d0411139669d0a1400d1151c882f749c2322cb9a498c73c48a638cc83ac1cf63b226bd9384f11067b585179b158a695ca11bc5a1525405e4b46d10cf2809014a186480a590ef24072b21fa8bd520887699342319c8b49c933ceb8a4141147404ac542807c938a34015340be1fc71f6994c23e84c28f4b98a346671ce7a435a234104b4e11229ee788b9e379e198024f4463997a6335e64ed02e42ed9589d9864c939501ef936cc536473e8ceb0642de12464d424a86de5f66ab23a62ddbaa31df0a5702af566464d087c8a2b3c0fa56b57598ea6abc863e5e4df28654ab89064881e25c2b48b5e2c6e2e8acb855114a9b6273c6f98112d233781e2555085043d474204c9b52dce193d27fb8c6a0fa4b5b680b84581c83959eea268c901ca0052b6d4cc427353c79a8a394aa739c7129a36ac2fb586e025e8d12d582256745ac1871537cc688b6d8272a678dc1bc9efc019e13a8a6c4928b1430f09c68b5c14826ff8229c8aae278aa0a79b806a22bc71c2d56e1c844ca1603d6f82a5b3a5aa554d0bfa96a05ae72481125aef8a75c1067289aab80fdb5168ce3fa4753cdc49b08f6f15a6ac3a17cb4b40ed73fa4040afb444db68ded476be6702d43b97ac61d194d1b15cc376d148e9a84585c556b6d59c414186112e6016d93f079c8b6712da38d266663c4468ea976b2784cb5334a60aa3d0b11cfa19a4d60aa3d159b9882c05cc0ab054aecb014a2b211f320eb2ab02d64c3b1bfd645681cb374318d4c886c3e628f64982d389e1ace25f6bd86cb14e0798ce0d6410d2124e0de9311b2e1778cd005fb6b52c482bb2b2451ad21470df9231cd10da5140c9f5431833b59a46d14e920624843f06a46662c39ca4224d6038a31a2e07d1c6f741a8d53be42cb222448a82184c408b5d7389371cc329e4b0f6dce788a2598d7817b8df52df0d2588d6acd8a578b36e3286312e7d81a4d12d561f924c9709431591adc29319479abc61c631a56924dc071ce142670a7de14ee710669aa90b86a23441ba86f96b3a0a06559ceab86fa66b9e21ecfa18c18f79e28b9d6b8feb15204dcc3275328b86ab3529708a5602929c77ec72a5b1a1468cafaa07cac511ef7772817340dee585e2bb42c2a4f1d6bcc318d3e9275dc631da55cc3e2ae140d7bac6fd60b8dfb963688eaa126da40eb61be4546c46144d88686246e055e2d7381bb79364b21a06d4f366fa157b645455c15105271e7c756a114e6759d9a1b087194c105283937e5a390a34e488d3b324e288f2dd8c989dd1891b560da144513e8919c226b807ae028212d90a38ed25edc4b2324637f4d486d208671ec471d6d83f31d6795ac788e6315df1d3a273dee5338cf1cae0e1d554cd853382f2deed03a4fd68d91c035c7e70942617fe0020915f32d0a8ffbbd2eca92b1b413cb1ef320d954f16a59585ca3bbac85c45467ed7034738587c63e4537b200421af780aecaaaf149ab92d8bb10e205d41dcfb873306679263ccedf3c456e0665ea9965b883e105d5eff03c5e588bab6a4f6908ce2dbd5416d74c9e9c4b823c20e54d055ab0575c147c1e2522be6bf38a9c18dec70886adde5b267047d35b2df14da4a7ec16df2f78274cc4547be11a274d82e1dcdfa7d62d29212e434fe1b395b873ea294b7398ea62058e9abeb292a19504263ebdaff51a91945d6244055c6b92436a74718298527988509686df362157a57005460586c4961594503843094a4a0bad84101b20af097112f34d738dbb1e412b5b31d5661238442c6bed33a5d10dc48a8425477a8def0a82d31c778f09711ed3e6999278356f43639fc023c3bc0ebae07e7c0826e35c8c94ade2b81d2265354d04fb9d90b8c6b7ff84788f294822e11c2914ce700c0e855c6c638e54f8e62e141bf12d5ca82a35acb16a873b73944437ba1e918b8cf383c815c3b7a451e8c69b5751aa461f362ace70cf8e1087bd58541432a02646a583863c88ca72ec91a2e11a5760d128873b80841487e7589570f511ad0eb8e31c1d6b687ca4fc04f78863e001dfc2c5c80b8ef591c480dfcd8bc452853524ea8c6b9998c8cd63f9245df08d404c46e3f702629e32c20612b1b78c596a1c4b62d601670e5498658be714cd71b51ba976c7bdf5586cc51da65899d0587255445ccb24ce3dbef14ca4efd87e129f6e8431a218f662e4de1a37c549a884dfda4be49070ef3649ed707f344963715d9f28ce62dd498a87c679942c38ef4d4a396c3f4999eaa0a7489a37de25485a709ca5252d2dae76933696618e1ad3d0c4646ce38db564b5c0ef0d269235be154994c4627d4ba1d5954ae48ff07b0e896230ae35535401e748299a86b7242449cc8364494210a11ab0610b64dbd88253d10cf7c552314c620da982e38a851083df0f4975eaa163c46afc9e439e5e9f845467a619ae1b33970cfbeb2c38c7f74c84489c5364212d965c161435f16aca7adc2921a4163c479b8cef90b3611c47b36c44c4f70bd948816f45b2d10afb1042628b0213f07b01d9aac62d4f769ce1f7ab0809b89b97bd713847ca81e40335310793f03d600e36e1bc374756702d9313556058dfc8e61aba93b9c19e2f67f23b98b6c21a6f80e7622cf662b9328eef8c0a938d5e34218d373e0be706db0f09d42b781e4222ae658a90ce34105db0af2a5208fc6e6b51dae2f71c8ad60cc705422abefd2f46547cf75e8c8ab863562cb7b8b7512c51dd40a8dc6daca61b9db9624dc2b97fb1b6e2caa8381eb18614a71bef5394a0258e5925188e6f930ac51f9c5b966839ce2d0969bc0b5a28454998b63cbdfed54022f614852a5a5c159442e9138c3f84049cef94a25c43da55167c2b5faad20d6bac1435a14cebf4950f94e9843828853a7dcc03f9367dbe80ab82ca64c031b8326d70e64d08a5f21099da6fd0bb542124d69d2aa782172342e01b9b2aa9a4845a55a5158df36826b1a7a89a373c4535dce25e40b553a300235470e37d9cf13873a85e54dc69acde0afc6e510d5ae09bbb1a796cf02d8a8adf06aa91fc6803b155608e26dbb8c72044e3de2021167bd89a45f1784eb68d7abb96c9ec30c213cee36b5101d759946e599c23d52a4383a364c1d8c7d76addb187727584f66fbfdf5c4f1fe44fdf991e7f4d1f74bed91c67a46e7337aeba37efa74ff6afa627eec6dfe26a7bc6effafb61ec3f476e1fefcee0e5e511d86fbaf5ba8edde20ccceab6b95eaef6bbdcdfcfbfd7efbbf1c3cbbaa7274638baeceffff669ade95bf37efccb383cee8ee8d3d8ed8e1f6a9e1fa1f8709ab9da1e7e586dcee3fbc7bbdbf3ac6d373e7f063d6e973f7d1c673ebdb0e7e9faf0d06fe60f5e7fe8e60f37e767fbede5afb7d3a7967db73f84fdaabbb9f8e3e132fd78e4ff623dde4edf69f6efbbddeef8b9e7dd077e73b15e7d78381c3fbaa6bf96ddf8dbfcc7dd0771c2c48c892336ffd12da6c3d2d3a71f2f63e23cf6d973f23c265fc6d4794cbd8ce9f3987e1933e731337fe8febcebc7f56afbdbcdc5a79fd3f8fdb05e0f4ffdf2af2ff857434726ccdfd1bedb2ed68fcb9e1464392cf6efb6d3c7ffc77f0b60fe60fb5ffd82fbf4f4ba7b1e1e0f5f3c3b61d3c3bb2f57587687eefc49ec179367a37845cbf42dfb62450a7cfbbcb97bf912fdbbe3b9d6abfde1b6df75637718c633f6df33c6159d7af18e6c8f7e1db5b74a57f229aa70fd09d647f87f839c5e822df552dbca2e15d5609791677f9932e32e16139357ff7732ddf3bf28f2f6ff010000ffff0300504b03041400060008000000210043816295bc100000429100000f000000776f72642f7374796c65732e786d6cdc5dcd6edcc811be07c83b10734a9078357f1a49c66a179ab1150bb165ad25ef1e030ea747c315873d213996e4074810e41820b9e412040872d8cd25a71cf23659e735d27f249b536c0eabd9c62eb287b586647decaeafbeeaaee6dfa79f3fac23ef1d49d290c6a7bdc127fd9e47e2802ec2f8f6b4f7f6e6fcc971cf4b333f5ef8118dc969ef91a4bdcf3ffbf18f3ebd7f9a668f11493d0610a74fd7c1696f95659ba7070769b0226b3ffd846e48cc762e69b2f633f633b93d58fbc9dd76f324a0eb8d9f85f3300ab3c78361bf3fe92998a40d0a5d2ec3803ca3c1764de24cd81f24246288344e57e126cdd1eedba0ddd364b1496840d294757a1d49bcb51fc605cc600c80d66190d0942eb34f5867548b0414331ff4c55feba80438c4010c01c024253888430571903eaec943cf5b074f2f6e639af8f38821b12e79ac559e00ee7dc6d85cd0e01959fadb284bf9cfe42a513fd52ff1cf398db3d4bb7feaa741189ef66ec2350b804b72efbda16b9ff9ebfe29f1d3ec2c0dfdda9dabb338ad370b52b8f9809f32f2e35bb6ff9d1f9df648fce4ed75f524ef574f66977cd33c5c30643f79727dc60d0f549be5bf5a4f36c52f79d44eb75910b190ba9691cdf692e54b1adc91c575c6769cf6fafc546ce3db8bab24a4098bded3dec989da784dd6e18b70b120b17660bc0a17e4ab1589dfa664516effe25c44a0da10d06dccfe1e1d0d041551ba78fe10900d8f67b637f6d7ecd497dc20e2476fc3f2e4c2fcd739d840f9acce7e457c2e6a6fb00b219a8f8218766fc5a83bc4b87b470ebb434cba431c758738ee0e212cec20c278411e6460a59a0664a4ed08603f8e882e073822c41ce0883873802382cd018e8838073822ec1ce088d8738023e2ad134e460353146a713d92918ec4354465675c439476c635446d675c431477c6354475675c439477c635447d675c830a3ae1caa98377c16416679d55b6a4348b6946bc8c3c7447f363862566ee6ef0f8704612279d740023339b1a623ba305bef8bd3f42e4bc06207b2dc7f38cd7081e5d7acbf0769bb082af6bc349fc8e44acf4f2fcc582e139044c48b64d0c1eb189e9842c49c20a60e232b0dd8146614cbc78bb9e3b88cd8d7feb0c8bc40bc7eecb119d248522a0fd6db6e222091d04f5da67d577f7a651df597e7819a6dd7dc541bce9368a8823ac4b372126b0bad70602a67b692060ba570602a67b61a071e6ca450acd91a7149a23872934477e93f1e9ca6f0acd91df149a23bf29b4ee7ebb09b348a4787dd63168bf84338b285f6beddc8eebf036f6d904a0fb70a3d600bd2b3ff16f137fb3f2f852673dacde67ec79a674f1e8ddb818d30a2457f37a112233d6eb30de76776805cd95b80a3c47f22af01c09acc0eb2eb1576c9acc27682fdcd433d7db79562b5a81d44ab4d77eb49513daee6af3b3ee11560ae03c4c526732a8877510c1977c3acbe97491f9ca56766f5889d55d56bb59c969f314a483564634b87393865f3c6e48c2cab2bbce48e7348ae83d59b843bcce122a634d97fc5050d24af2cfd79b959f86a256aa40b41feaf3abb4de2b7fd3b94357911fc66e787bfe64ed8791e76e06f1e2e6d54bef866e7899c91de306704ab38cae9d61aa95c09f7c45e63f75d3c0335604c78f8e7a7be668794880cd4207838c44a20b47486c9a19c6a1933154e0fd923ccea99f2cdca05d2544de1891114788d7fe7a23271d0eb4c5f2e23dcb3f0e664302ef4b3f09f9ba902b51dd3801d3960dd3edfc6b12744f7597d473b232f47a9b89f54731d515d6eee0ba4f132a70dda708824d363cf0f875d0d90a5cf7ce56e05c757616f9691a1a2fa15ae3b9ea6e8ee7babfdd8b3f8547239a2cb7913b07e680ce3c98033a73218db6eb3875d96381e7b0c302cf757f1d868cc073b02427f07e91840b67640830574c083057340830571c0830a70474bf434703eb7e9b8e06d6fd5e1d09e6680aa081b98a33a7c3bfa3ab3c1a98ab381360aee24c80b98a3301e62ace46cf3cb25cb249b0bb2146837415731aa4bb8126cec87a43133f797404f93c22b7be830552897695d025bf639ec6f2a66407907c8d3a7238d99670ae48fe8acc9d358d63b96c978315513f8a2875b4b6560e38c2525b383c3cd96b76b322ebee65f455e4076445a305490c7d32dbb27af97ae3076a991e5cee6bb5ecf932bc5d65def5aa58edd76126fdbd9679c15e31db7fc23a9f4f860d66afc822dcaef386c2870326a3f6c6e0b180c978bf713993a8581eb6b484e79cecb72c67c915cba39696f09cc72d2dc1530f93263d3cf393bbda40386a8a9fa2c63304df51531415c6b5a76d0aa4c2b22e048f9aa2a82215ef2c08f8d502c84e3bcd98eddb89c76c8f519119052327334a6b5d99219a04f686bc0bf9c88e499ae27cc5dd13bba71b894974abccf9c596ca75fbca05a7f60fa35cb089539c12af1667d4fec25525cb98fdd83add98215ae71d3344eb0464866895898ce6a8946446699d9bcc10ad939419029dade08880cb56d01e97ada0bd4db6822836d9aac32cc00cd17a3a6086400b1542a085da61a66086400915985b0915a2a0850a21d042851068a1c209184ea8d01e2754686f2354886223548882162a84400b1542a0850a21d042851068a15aceed8de65642852868a14208b45021045aa862bed841a8d01e2754686f2354886223548882162a84400b1542a0850a21d042851068a14208945081b99550210a5aa810022d540881162a78850252a8d01e2754686f2354886223548882162a84400b1542a0850a21d042851068a14208945081b99550210a5aa810022d540881162a78510952a8d01e2754686f2354886223548882162a84400b1542a0850a21d042851068a14208945081b99550210a5aa810022d5408d1149fea12a5e936fb017ed5d378c77efb4b57aa516ff447b975a8517ba8bc5566acf6cf224c29bdf36a1f3c1c897aa31d48388f422a96a80d97d5755cf96226cc85cfd7b3e6277c7474c36b3cda76453d0b21ae9902f0715b4bb0a6326e0a79dd121479e3a648d72dc1ac73dc947d754b300c8e9b92aed0657e530a1b8e8071539ad18c0706f3a66cad99431737e568cd107ab829336b86d0c14df958333cf47872deb53e6ce9a749717f2940680a470de1c88cd0149690ab3c1d4361b425cd8cd0963d33425b1acd08283e8d307862cd506886cd507654439961a9b617aa19014b3544b0a21ac0d8530da1aca986507654c3c488a51a2260a9b64fce66042baa018c3dd510ca9a6a086547351ccab05443042cd510014b75c701d908634f3584b2a61a42d9510d277758aa2102966a8880a51a2258510d60eca98650d65443283baa41958ca61a2260a9860858aa218215d500c69e6a08654d35846aa25aaca254a84631ac99e326619a216e40d60c71c95933b4a896346bcb6a4943b0ac96205739e7b86a4927cd8cd0963d33425b1acd08283e8d307862cd506886cd507654e3aaa53aaaed856a46c0528dab968c54e3aaa546aa71d55223d5b86ac94c35ae5aaaa31a572dd5516d9f9ccd085654e3aaa546aa71d55223d5b86ac94c35ae5aaaa31a572dd5518dab96eaa8ee38201b61eca9c6554b8d54e3aa2533d5b86aa98e6a5cb5544735ae5aaaa31a572d19a9c6554b8d54e3aaa546aa71d592996a5cb5544735ae5aaaa31a572dd5518dab968c54e3aaa546aa71d55223d5866ae9e0bef241218e2d3e9ac50ece1e3784bf835b7b606621df41aa2e028a032f16a73d5f7c138837c253df41529f02126d55d70ac5df49ca0a3a754cbfdf9f8cfae7aa4786ef379d25a17c7a577d9849fe1616e9fb193f50600df3eb73f25b4ce5d797e407996447f3cf2d8976efe969d137f9bd23bd6fe5678ac429e77e4a16af390b62af2fb7c6fc6d80d54d663f8cfa87b3a98ab58df4c31d219b4b86217b2a9ff5e45e596624392dae0b52f946a197efa2024cf555c1ec7a957fc44a73e15cfe7f968a7fef48527463a41241fabe70b19253c5ed629bad6b8746d7aa93fb51c89c5b9e6de0fdccbba4997791b13d8133f71f9e0fa6f9a5e13af7c7dbb5dc1a46a5a315fb6cdf4501351420079a45c9dc9cbfb88cf048150f782922f33b9c2091021f10c909b375f7c8e86ed5f71d778f7e3e7217e2563e566180f6f140befd71af8ff30c6823968a0c72d559f13236f2a292da0e2f1909568b5be54b07d48c0f2793e9d44c4d5bff8631078dc832e3b725199d9ef3b713d8caad81bf81fe1da8d4b3cd37f0577347a48bd30f8d4e57f76b3870ecd9f1e0f95449a8ceb15f07f9b17c842689c963220c6a5381cb309c183da2e6721fc723f619521065704ba9d2c239c580a6392c4f00560e3b323a4c4d5d7f680e133ce60ec3f6f6d8d85b25ce1f5a6f0509203c42717428c2c396f813a32bd41cee87e68a7c96d66e9c73a39960c57c17a857a19aea863ef0a4e12b07a21965f5921fad1c54dec5288fabdcb1285b6b6865c6aba5a616c2e97fe55daa86769da840d8d730d68c7924d9607f5c8801f45e7d69543670f1a04285ed9f91287ae5cba3e9c67c281f82e5de415fbce66a67ff5cbeb1d9689f88d2de0870506d8cfcd91c0cf21b4eea9e5393ab613990bf16b6a397b1faf6e14c597bad7783c2ab123e9f1e1e0d666acf8ee454753ba3db242409ffa2b056e3ee6ce5f2d4374149da8cfbc136654170cd0f004c885cb0eb02b9b5b6f76a2e5aedfec9a83fdbe9fe1cdfccb251f5d3e47cd6d48690d9f97030abd6204cff62cd83fd9b1fa7e662ece78632cf8f47f954563b4628a438e47822eb71ae0481673bc6fa7056aabef2f77fd44738cf2cbf38d3ba9bfda3e1e1e459a59b6091845729b2c5560d1dc0c1497ebdb5a1913543bcbfcde81bb2e06f5527863c365279acdac5e168f4acaf6692662679ae2f793c6ea031126a61599c9606278727f9709e63efabf676bcdab26a2ecaba985e25942ead7358655a5106159c8b97dfa830783d1f3d7602eb6474343daf64ad80afa46a47f4cfd57e87e5e8b03ed8d4fcebe307db6c3c7ade57755ecb606381d03ddaf435033e9bad8bac8f39d4898dea7998c154047c7f93012ec461f97333bfe2cb90f2d8a79ed7f73688bcb56f198c7ff1729a10ff4ee24b9ef385ae7deb60ab6267c0dc2f14226297b585c505ffb90c23b6f79807b1e20e644dc542fbb56529f062fd4617cbb9f84fc2352f2e975b5c2d678cea15855d36b34fdf2793c150f55d394c0f7695aadd077b991361c55e798566831f78da2c36a9de75297276ae760c87c7e36a8add9d17dff82bbaf67977d494b8dcc08717f56b2786062a7f55560ef3350fccb0d2343586b5ff87dffdebc33ffffee12fbff9f0c7df7ef8f337de77dffee9bfdffcaddebdf98540ddbff9da665bff7edfcefc1817d97c7805515ccc2cdfd6d710ad358a540be70d571ecf27c363559cd4a8b358be0ef84b8e1fb2ad1fa9f7ad6a9aed3efa5cc469966c037e1137050ea8ec6ce83ec8503b0b4993fec94cad69e733e5b6034599bfcdd3bd3cc8c235497979eabd61d124decb9847dbce1ed112b90c679c59694b508aca8f3909104b392227ee72202fa6e34a931a87d377245946f4fe6a1b07c500a3228c7b9cc71679f6dcb8e77277cfe26bd69b377cae25d78cf49d3c5ecfa2f03616df3453fb78c3f9685ecb65d739b9614a0b97cef44f0236f8534f8ff912a4393dee1d6f8e87e3933395659b6a454f9c99c8b159fd78b3e5e12254d14af96dc791215cecfaf0ed5ff90822079121761819aabab46d9da33bc520e9efebd68b06b7f117cef3db55e0d42edfd15aa6e3c9f87c562dafcba89071a096d7cb38200f8cdbe6745876ffbb7ffcfe3ffffe839eeef62cacb7545bb1645d8e9e7343e2e28f4fd47bc4182df9ebcf7786cb69ff247f605f5fb19ed2845579b24c142bd2e278550ef326bee7572ff91f3c8fa9d5667da8919123d7abad6c8bb56c2beb7ca5dbca3864aa589017ddccbfb433e725b4e67ef9b31a37f95fe967ff13000000ffff0300504b0304140006000800000021007a7a000ce20000005501000018002800637573746f6d586d6c2f6974656d50726f7073312e786d6c20a2240028a0200000000000000000000000000000000000000000000000000000000000000000009c904d4bc4301086ef82ff21cc3d9bb47e342e4d976e6b61afe282d76c9ab6812629492a8af8df4df1b41e3d0dcf0c33cfcb94870f33a377e583769643b6a3809495aed776e4707eed300314a2b0bd989d551cac8343757b53f661df8b2842745e9da232283574aaa796c357c39aba2eea0c67cfc70edf1779879f8af6013396b5acc9ef8e9416df8092daa63381c314e3b22724c8491911766e51360d07e78d8809fd48dc3068a95a2757a36c2439a58f44ae496fdecc0cd596e777fb450de11ab768abd7ffb55cf465d66ef462993e815425f9a3daf8ea15d50f000000ffff0300504b030414000600080000002100743f397ac2000000280100001e000801637573746f6d586d6c2f5f72656c732f6974656d312e786d6c2e72656c7320a2040128a00001000000000000000000000000000000000000000000000000000000000000000000000000000000000000000000000000000000000000000000000000000000000000000000000000000000000000000000000000000000000000000000000000000000000000000000000000000000000000000000000000000000000000000000000000000000000000000000000000000000000000000000000000000000000000000000000000000000000000000000000000000000000000000000000000000000000000000000000000000000000000000000000000000000000000000000000000000000000000000000000000000000000000000000000000000000008ccfb18ac3300c06e0fde0dec1686f9cdc50ca11a74b29743b4a0eba1a47494c63cb586a69dfbee6a62b74e82889fffb51bbbd85455d31b3a768a0a96a50181d0d3e4e067efbfd6a038ac5c6c12e14d1c01d19b6dde7477bc4c54a09f1ec13aba24436308ba46fadd9cd182c57943096cb48395829639e74b2ee6c27d45f75bdd6f9bf01dd93a90e83817c181a50fd3de13b368da377b823770918e545857617160aa7b0fc642a8daab7794231e005c3dfaaa98a09ba6bf5d37fdd030000ffff0300504b030414000600080000002100c2cba19bad0200008a0b000012000000776f72642f666f6e745461626c652e786d6cd496df6edb2018c5ef27ed1d2cee5b0371fe34aa53b55d23eda6174ba75d13072768062c709ae61976b9f7d81bec6db6f7d807b6d37676da78ea2a35289239e063f8f97cc8a76777320b6eb9b142ab1891638c02ae12bd106a19a3cf37d3a3110a6cc1d482655af1186db9456793f7ef4e37e354abc20670bfb26399c4685514f9380c6db2e292d9639d730583a9369215d035cb5032f3759d1f255ae6ac10739189621b528c07a8b23187b8e8341509ffa093b5e4aaf0f7878667e0a8955d89dcd66e9b43dc36da2c72a3136e2dec5966a59f6442ed6c48d430922231daeab43886cd542bf256703bc1fe4a66f706fd6e06b46130b0bc9b45bfb208ed56f23b14c864fc71a9b461f30c9c604b01ac2af0c66852bdcc6033564cc2f08d90dc06d77c137cd292293f21674a5b4e60ce2dcb628429b401eee13e8ee04fe12a42a19b98ac98b1dc9995137129a74c8a6c5babc6fbfa815c14c9aad66f99116e89e590154b1858db398ed115c6985e4da7a854488c2e41198efa179542ddb3fcefa4527a3b053b25f13ebe4b4a9fc4fbece6c033c3924483c86c2be73a6b05d18746b07bed430042a1376c07415f06c4c32d9520c863e51e44adb482183d560e0471a9d74670e3c2b127164388c2898f878b45d42916522fb869c3918a3bbe383c1451ef3542f1050e0c7750da3db968fc3ae482ad0bfd8662710ecb6a2f0f8a2fa02c221f88b2750984dd086bdfd03971c35650d04f82288f4c07e43f83206d2006b809823e07827407f1fbc7b75f3fbf7b102c2bae41ab573c1372b6ae6bbcc188c00a313022756b65341abc64cdd48785dbda08bb00356a863c5933d089dca48e4729cbc4dc883d6199fae3d3d70be07895aa39ff3b2c341abe4ad55c320920f6958dfbbe288bc67d6f7423f16fdf1978f09044441d899de248d0fb7d3f4de2e43912d5859dfc010000ffff0300504b0304140006000800000021001b580e4a24030000981f000010000801646f6350726f70732f6170702e786d6c20a2040128a0000100000000000000000000000000000000000000000000000000000000000000000000000000000000000000000000000000000000000000000000000000000000000000000000000000000000000000000000000000000000000000000000000000000000000000000000000000000000000000000000000000000000000000000000000000000000000000000000000000000000000000000000000000000000000000000000000000000000000000000000000000000000000000000000000000000000000000000000000000000000000000000000000000000000000000000000000000000000000000000000000000000000000000000000000000000000d4996d4fdb3010c7df4fda7788f29ec679ea03728d501962d2109d9ac2de4d5ee2b6d6d238b24d47f7e967276d08a3da62a448985777e7e372fe39bdfe2bc38ba76deeec0817941553d71f00d72145ca325aaca7ee32b93e1bbb8e90b8c870ce0a3275f744b817e8e30738e7ac245c52221c55a2105377236579ee7922dd902d1603b55ca89515e35b2c95cbd71e5bad684aae58fab82585f40200861e7992a4c84876563605ddbae2f94ebeb568c652dd9fb84ff6a5aa876042b6658e25418bf9edfce80c32269fa0d7acc184499c27744b903f54f1c68373bc2602a9586dc007c63381c25104bdda84b30de638950a240afc30805e2b002fcb32a729968a31baa5296782ada4735735eee802d06ba740b59905491f39957b04a0d776e1175aa80efc11f46a4bf5c6f19ae3722350ac1b6c3cb848714e668a035ae15c10e83d07e00dc1fa8ce798ea0677f27c4752c9b823e86f75ca81ebfcc082687a53778739c58574ebb4daa9ecbc1492a384ca5cd56efcca6ca7b56d1a21bf4a50c6cbc4caa97a50f6cbeeaa2788bb95da9b3cd1acdf6eb6eaa16eb56ee792a71bba7bdde0f1517f159fb16d898b3dfaf475f9f9faf29b3ac7434083ff299665c2aef4bb7220fa32d87a0b1ea8dc2c4a9caa130a62e0b7df87d6125ca828c9d4013747d404e04d55fcc47e63d0e978346b108d8741749af889f468d83515744d8c3b25e6e5afe668daf67ff2bf272c0d431047e128a81fd4e59fdf02a6f37edf1f987a973d81093ba7be3f30619f6082b1bd60825ec1d4d5ad04537f77f504466b0e5bc1d41d7505134471a035525730f60e5f7fd2271860eff0f5ebf1d80f9889bdb3570bfbfeb8d83b7a0fc3b11f2e637b27af6f267b0db9583c78cd54af1917fdbbdf562e66a2d78ccbd0e2b96ba6790db9583c77cd24af1997d8e2b96ba678fdd16438e9bcdbd8deb90bcc04af1997c8deb90bccf4ae1997d0deb90bccf4ae21177be72e30d3bb665c027be72e30d3bb865c2c9ebb667ad78ccb414c5bc9c54cef9a71b178ec9ac95dc38f91bd58fea1762ba7b9a03cdccdddec4bc2736dcf36b85893ec788ff77a41df02dfd717edc81f0e80faabae7d8f31e83d5fa9a33f000000ffff0300504b030414000600080000002100c891c54a81010000ff02000011000801646f6350726f70732f636f72652e786d6c20a2040128a00001000000000000000000000000000000000000000000000000000000000000000000000000000000000000000000000000000000000000000000000000000000000000000000000000000000000000000000000000000000000000000000000000000000000000000000000000000000000000000000000000000000000000000000000000000000000000000000000000000000000000000000000000000000000000000000000000000000000000000000000000000000000000000000000000000000000000000000000000000000000000000000000000000000000000000000000000000000000000000000000000000000000000000000000000000000008c92514fc2301485df4dfc0f4bdf473b10a3cb28110d0f461213311ade6a7b85cad6366d61f0efed0a0c677cf06db7e7dcefde9db618efaa32d9827552ab11ca7a0425a0b816522d47e8753e4d6f50e23c5382955ac108edc1a131bdbc28b8c9b9b6f06cb501eb25b8249094cbb919a195f726c7d8f11554ccf5824305f153db8af950da25368cafd912709f906b5c81678279861b606a5a223a22056f916663cb08101c43091528ef70d6cbf0d9ebc156eecf86a8fc7056d2ef0dfc693d89ad7be7646bacebba570fa235ec9fe1f7d9d34bfcd554aa262b0e881682e75efa12e89de52bb98502b7278de6361f5fc03d8dc76d11beb905e6b5a58f1b6537c9449665b25869b58cc693d8a4bf867dadad7001d1a9824d80e3561a1feef430a07310dc25737e162ef9538298ec691c909c2746e22f4fd366612b9b8742b32c5adaba38c67e58104412e2ca0fe19e94b7c1fdc37c8a689f64b72919a6d9604e483eb8ca0959343b76facfc0eab8c1bf89c37e9778021c62ea3e59fa0d0000ffff0300504b030414000600080000002100b7f1ae24af0000000e01000013002800637573746f6d586d6c2f6974656d312e786d6c20a2240028a020000000000000000000000000000000000000000000000000000000000000000000ac8fc10ac23010447f25ecdda67a10296da5209e44842a78f092a6db3690ec96248afebd41c42ff0386fe00d536e9fce8a07fa60982a5866390824cdbda1b182cb79bfd880085151af2c1356400cdbbaec8a96ef5e63102d5ad411fb36be6caa6fcda9c9aeed01c4071c954b303110698742d15530c5381752063da15321e3192975037ba7628a7e943c0c46e38ef5dd2145b9caf3b5ec4c670d8f5ecdd3eb2bfb8baa2ee5ef4cfd060000ffff0300504b030414000600080000002100b13fb862220100004e02000014000000776f72642f77656253657474696e67732e786d6c94d2cd4a03311000e0bbe03b84dcdb6c8b2db2745b10a908fe81d67b9aceb6c1241332a9dbf5e91dd7aa482fed2d93c97ccc2499cc76de89774864315472d02fa480607065c3ba928b9779ef520aca3aacb4c300956c81e46c7a7e3669ca0696cf90339f24c14aa0d29b4a6e728ea5526436e035f53142e0648dc9ebcc615a2bafd3db36f60cfaa8b35d5a6773ab864531967b261da3605d5b03d768b61e42eeea5502c72206dad8483f5a738cd6605ac5840688781eefbe3daf6df86506170790b72621619dfb3cccbea38ee2f241d1adbcfb0346a701c303604c701a31da138a5a0f3b29bc296fd701935e3a967824c15d890e96537e528cd97afb01734c57091b82a4beb6f95edbc7f07a7fd745da396c9e1e6e3850ff7ec1f4130000ffff0300504b03041400060008000000210061f809ce5e0e0000c21c010012000000776f72642f6e756d626572696e672e786d6cec5ddb6ef3b811be2fd077080ce4a2171b8b3a2bd8fc0b5bb6db2db6dbc5ee5ff45ab19544882c199292fce9e5be4c1fa18fb5af50923acb32ad0365cbc9e426164f223f92a3994fa3e1f73f7cdbba57af76103abe77374137c2e4caf6d6fec6f11eef26fffabafa4e9f5c8591e56d2cd7f7ecbbc9bb1d4e7ef8f2e73f7dff76ebbd6cefed0017bcc26d78e1eddb6e7d37798aa2dded741aae9fecad15de6c9d75e087fe4374b3f6b753ffe1c159dbd3373fd84c450109f4d72ef0d77618e2764ccb7bb5c249d2dcfa5bb3d63681f5862b9306e5e9fac90a22fb5bde066add883235a67ab5a1edfed0fc9dede1cc073fd85a11be0c1ea75b2b787ed97d87dbdd599173efb84ef48e9b14d4b419ff6ef21278b74913df655d21556ee3ae24ffd21a4193fbc65516fefa656b7b11bde334b05ddc07df0b9f9c5d86e9b66b6b38f3296de4953588d7ad9b967bdb21b9df8258c4b39237d8a4fbc9546eddb8e7ec1691d060464813598d265d28df33edc9d672bcfcc69da029808b94760d887b0da8a1ddae092569621abe6ff3adf1b67bec37cb7f0dfc975dde9ad3afb51fbde7ac2d22b05ab495ac96e20a0efb75e6b7276b87b7f2767dfbe3a3e707d6bd8b7b84e7fe0a4fdf159d812bb24b265fb038b5eec328b0d6d1cf2fdbabd2d58f9bbb0916cbb8ca6d6063591c90c458f2ce1e223b9807b6f54c8a9056bcd0d9e0eaaf968b5390b09291ba9a4c49cef6c58d9c9fec57dbfdfabeb3d33234d525a971a968bb73d3bc395ac9ca4a9dc539ee2bc970f0bff45eb42f69611497c20f85d5364bdcd86b676b254de39a5fed6f59de35bac9d2ffbe4e535dfb218a9377bf04b4431889e47f5a06df03c371bbf3f1ec48aa408a4ff3828e470020edc4b9f8e2c9f21ee9032d2f9db41e24ff56be178504f670ede005f8d5d9dae1d5cff6dbd5affed6f2681b330c6d6dce3aacafe0781141e0c1c210c743ca46407b81af4d72cf628a53bdde2bb1b676d5a41043ec9a35e951e03c67339d246e6a533dff97c0f71faa0d78d6eeabffd7a0b0a4e28c57cb73c2a76acf7cd70fb234fa9734b3b3d6444d28177fab5c3fdb815749c233ec906758b55bffd943e5255b1b584b49fa6807d1cc751eb3daf75668bb4e9a6d935d56ae82e4dbf0c9daf8b867f8e7bdfb12fc6aa57b4fbedd386154b808b2dfe1b7fce77bf6f3394f7dce532df7d14bee98dc3078bc37dd806656809be61d8acb627d24fae74b44c640cbbf65cde245713709bc4d72b5dde16e87e43197df731d05c92d3d7fe5b86e32e05d10460b8bcc65da81d0779d4d8ac73d910c695f0af7a77b886e9e29ddc004d1a280407c04c4b5c8414420d1501932826693fd9a0a09454b8b1f10127b3b9b8d85c80b8b9b6b89031c9ac8929824b708465e9a0f181247306eae651ecb43906933879607c92e22a2ab69713e88c44f7f6e88dc5c2b5c401174262838bb084aa13c1f5414eea8dc5cd36ddd1718a45099740818925d02262fcf07187508606eae351ed8b414b485f27cb0d106c2e6e69a2eeebef0c8324bf2d2ec123c79793ef0e8c3c173736df04048d199a298649710cacb7745685a32b5485da61d86884ad5d60e43d24a1554651143516f873dbddf6335fb1f0c6b4c11b4d9cc9c2d339cb379a5cb26dab9ebbbc9cad4755d56967c669ac394b6d3368eda672d573c99ae041941160c4140064db1bdc88a9c57bbb9a2eafa6f76f0931de179ae474be481565b1151c1ab1e04fa402a8130ef03426ce0d66220d56110388f4fad401011d3a6a7d9451090de0004a90a82b0ea080273cfc83c5681a86723aa058064b75e0554729e662b289c889d23cc4e071094936d0595cb569025a6f8a4d945101a6d05aa840dbf15341eab401198029166b75e05dae9b682ce05048d291069766b10a8fd7692ad6070d90aaacc148a34bb08c281add052df23cfcef6fa9e2c8ac252484caaf6bcbb2949fa7c35cbb9af6cd2c6c3bb73669180772f3500bcfb26e3b681773f07ef3e42197146dafdf2d1e0ccbb73317675a6868f34b1cc31e3473c5748f813ef5c8c3f85b94e44512a13cc9ac1975f1e84783f8555ac496576d990f892cb4311efa73096c52ab52c94b5e33133ef5cf031d86e225ae51d1f12c5bec472199f61a9771e10c92a737bed530dfddf4e4cdbd96284c26b6f8badd4b9b0941275b5bd2da62f45d3584966867036a5e3b1c5728785ba9923b9c589e3eddef02918f41643bc547e9cc36a1e33fbcd69918e99dbe6b34847cd5c7358a463e6a5392dd231b3ce7c16e92573ca44d56cadc78886b4905672675f6e53d097ba2ece32d8b229015fee239c321d41d6e14493040ab9700d14720538a09047e1badd4f9bbf047fec0195f9313959f753ea2fca73ba9f727f69eed003eaf9e3f471eea7f95fa6e3723f53e062bd913b9a07c447adbd796022439dcb4c9793e32ec6738454612ed73a9ee09f259fb1a66ac2fd8bebda09ee95d9fbe3f7ff719826ce1ec689d5f0dbfbf6de7769d5d8582824f4f441160891ddc5d18a01a57f866dde144ad37f091c3b20165501cf4a2a31bcaa05dbbeefafe21c7b7b72c5f98fdfffcb01e9b60c6e53a4ff8d4b93c81d6101e7725a5ba7812aa4f162e60c290f29d093353e811cd873c01eab1ce8c94e9f5b0eecf9788f570eb425c9cf2507f63dc6472b077a12f32790037bdee76395033d5f009c5b0eec39b88f570eb47d0f713a39306d67bb1041d1c1763116f27291986ced5f6dc8bab83464446daff212a879b591901e6d4c4c0e137c5edfcf3131ba1fc727f8e2c1181f4b7c5e3c464a27331f0d34bb080a77cfced132cfe70666cc24f5b9234d40208e23aae960f070a2be8f7c9a41b24b08e5e5bb22346da769122baab5a629a9fa5c349609d65d59727d262ce70b13587260c91b080f60c9bb220d2c39b0e4c092034b0e2c39b0e4c092034bfe61587282797bdb656ee23d107f02df8525578c95be54506e3f674be0c3069539174d0eb1337228207646050d889d510709c4ce38800ac4ce380c0cc4ce608303b1338ee2f3596267900097ad554e594448d1a5ce8e194b5312cdc53c7fdb974d297c730a710ce123d4e4377c843a765b2c53136bad0f6358a5726cb658e1f95e6b7a90ec221e8ac0571d006b0cac31b0c6fa0003d6185863608d9dd11a4354ed6a6d8e297315997ae278dcde1cd384856eccd5c1de00f0983a89a56991dce2c4e5a5c11a2ba58235f605acb1b8031f2e24d079839dc20724c359621cf0c8c306d5e141728b78c049ae4976111438c93501064e723d8c0d9ce4cae47be003920b38c9b5d351aeb2b290547d95c89f0edf2acf74dd40e6a8c3c9737e25369017168493afa7f3219c7c3bb215c2c9d70f11c2c9375ba4104ebeb1ddce1c228493efaac8743aa3545617736d29762693455312f4454cc096e7643c8a0c96ed8ce920b9c5d9c84b1f5064804d2e35006cf206d8e44f1e601ef8649e607cb8b0f5c02803a35c000618e5e68216186560942f8d5196884ed5da105b9a8a84d4598c457b436ca10b4b453292fac52985ef7a39eb9bf05d6f69975f3c1ae0497e0285133cc96b51014ff2c3c08027391b1cf0243f8acfa7f124ef7498ac22cc456d19f7b57b1ccce55c9b49c2a2d69f1cff8c830a215934d152e534d71ce6b46ddc60fefe0d193671c0256434c4e6441e0f2d43bf36f478c8062d62634733452e9aa8f4170e031635e68069f6900b82588de5085c2b9ad23e02d7f0ce14f4a17918abbd676a43678afd1dd10d8013b95b1c797092ecd620ecc56344f33e200cef9071e4d148b28b203474c8a88030cc56e0e3b22133c506cd6ebd0af6a21e0eb715b8e8902a621a6634bb35087b210907db0a9cdc3e74a650a4d9451038b97d743a275411c5992aa0e435507bb6d154357da61989e6589cb5f1b08d9c3f2204ffd5ea10c17fb5d96a06ffd5860a15f8af82ff6a77fe0cfc572fdb7fb5d3a1818a2423345b256875786d3a9f2de5d58c97ffeaeeb7e8ddcd6e4c2ffe665b2482349adb0f7e600bbb642aaa53f7595fb09611cbe7e112debaf2f204a623c83a9c28d5e0f85bb86ee3f89bad25fa9a82a4e438a569e00b3c2e5fe04e34705974e47eafe0a5005e0ae0a5005e0a5560c04b01bc14c04be19c5e0a9d4eeb54963aeea9d9d9c443b2a26aa636ea580b0a9b37697b0c1770d5d5210257dd6c350357cde7790d5cf5803a1870d50d87085cf5405c75a7a3fb94d54cd664a1f34b77646ab3b9c18dabae4e089ca302946be11a622d548083580b106ba18405c45a288301b1166a1081580b075081580b878181580b4c6c20d6c231783e4dac854e075aaaa6a02b82d4f90c757d319b89da22d1758b530ab11638eb9b970f05c45a28a2015e0ce0c5005e0c7d80012f86f3689ce0c570049fcfe2c5403bd05ae7d4d05213e6b3458c45872fee047da9ebe22c83389b5320ffc1bd1ab87ee0fab9db5e1c24424faebf7e801f89c0af1fe18763e5eb87f921a9f6faa17e54fefcb436ca19245295143fb9ddc163cc3d99ee73d8123c86dd93beee6a1f743a514e931459d284ce07b1c8e25c350d63b053bd3f0f270d5ecee0e5dc6878e0e50c5ece03ea3fe0e5dc7088e0e53c8c97b3d8e944396d69086829308fc63d1e54565f8aa6b1926a3fdac23fe3b07092b15045413647a3e0e4f4c58195589a25de8e8d75216549ca005103c7ac025541182a6ae0a895a40a08238e253b901a555d05238f253b8ca2550561e4b1648751c52a208c3996ec30ca5a75158c3b96ec40ea5c158491c7923d8fc2479e1bed15be95bc92174242cec2676df059dbf7f0aa1b5e75c3abee56afba7b5b7ff059db477e81de1b11f8acad0e15f8aced0030f0591bcba21a061bf8aced183c1fe8b3368f1a605ef2191b85ac648da51d17d37dedd5d48b9ff9b5f510dd6a07eac58fc7fa7a74ae0ed48b1f22f5f5e8f3e040bd58ccd68f8f75bf580ad5d6a33aca816af106adbf1da35abc706baba5f35f572d3eb7adfe6ee9ceaaab8762f3b61e4d563f1163b9306fc8582e220b4fc45a2fe903b9b6226bc130bbca583154041caac75831883944c69a618e90b168583b3039edafb65efab4aaab2732160d6b078a8c358358ab3b39a1afbe22ab1e6bcd3047c85a33a5b98fffc714d597ff030000ffff0300504b01022d0014000600080000002100632d6d6fae010000630800001300000000000000000000000000000000005b436f6e74656e745f54797065735d2e786d6c504b01022d00140006000800000021001e911ab7ef0000004e0200000b00000000000000000000000000e70300005f72656c732f2e72656c73504b01022d00140006000800000021002dcfff854a0100004e0600001c0000000000000000000000000007070000776f72642f5f72656c732f646f63756d656e742e786d6c2e72656c73504b01022d0014000600080000002100993e3a90b1130000b5f60000110000000000000000000000000093090000776f72642f646f63756d656e742e786d6c504b01022d001400060008000000210043ffe9d6dd010000b50600001100000000000000000000000000731d0000776f72642f656e646e6f7465732e786d6c504b01022d0014000600080000002100355af941de010000bb06000012000000000000000000000000007f1f0000776f72642f666f6f746e6f7465732e786d6c504b01022d0014000600080000002100aa260ebebc000000210100001b000000000000000000000000008d210000776f72642f5f72656c732f666f6f746572312e786d6c2e72656c73504b01022d0014000600080000002100ea127b96250e000006250000100000000000000000000000000082220000776f72642f666f6f746572312e786d6c504b01022d00140006000800000021003fadbac4b40c0000fb1c00001000000000000000000000000000d5300000776f72642f686561646572312e786d6c504b01022d000a000000000000002100c55ae505bd090000bd0900001500000000000000000000000000b73d0000776f72642f6d656469612f696d616765312e706e67504b01022d001400060008000000210096b5ade2f1050000501b00001500000000000000000000000000a7470000776f72642f7468656d652f7468656d65312e786d6c504b01022d0014000600080000002100d22bedf9ee0000006f0100001c00000000000000000000000000cb4d0000776f72642f5f72656c732f73657474696e67732e786d6c2e72656c73504b01022d00140006000800000021007b1e8dc68c0f0000974400001100000000000000000000000000f34e0000776f72642f73657474696e67732e786d6c504b01022d001400060008000000210043816295bc100000429100000f00000000000000000000000000ae5e0000776f72642f7374796c65732e786d6c504b01022d00140006000800000021007a7a000ce2000000550100001800000000000000000000000000976f0000637573746f6d586d6c2f6974656d50726f7073312e786d6c504b01022d0014000600080000002100743f397ac2000000280100001e00000000000000000000000000d7700000637573746f6d586d6c2f5f72656c732f6974656d312e786d6c2e72656c73504b01022d0014000600080000002100c2cba19bad0200008a0b00001200000000000000000000000000dd720000776f72642f666f6e745461626c652e786d6c504b01022d00140006000800000021001b580e4a24030000981f00001000000000000000000000000000ba750000646f6350726f70732f6170702e786d6c504b01022d0014000600080000002100c891c54a81010000ff0200001100000000000000000000000000147a0000646f6350726f70732f636f72652e786d6c504b01022d0014000600080000002100b7f1ae24af0000000e0100001300000000000000000000000000cc7c0000637573746f6d586d6c2f6974656d312e786d6c504b01022d0014000600080000002100b13fb862220100004e0200001400000000000000000000000000d47d0000776f72642f77656253657474696e67732e786d6c504b01022d001400060008000000210061f809ce5e0e0000c21c01001200000000000000000000000000287f0000776f72642f6e756d626572696e672e786d6c504b05060000000016001600a5050000b68d00000000);

-- --------------------------------------------------------

--
-- 表的结构 `has`
--

CREATE TABLE `has` (
  `id` int(11) NOT NULL,
  `r_id` int(11) NOT NULL
) ENGINE=InnoDB DEFAULT CHARSET=latin1;

--
-- 转存表中的数据 `has`
--

INSERT INTO `has` (`id`, `r_id`) VALUES
(1730026109, 1),
(1730026109, 2),
(1730026119, 3),
(1730026119, 4),
(1730026119, 5),
(1730026119, 6),
(1730026119, 7),
(1730026119, 11),
(1730026120, 8),
(1730026120, 12),
(1730026121, 9),
(1730026121, 13),
(1730026122, 10),
(1730026122, 14);

-- --------------------------------------------------------

--
-- 表的结构 `meeting`
--

CREATE TABLE `meeting` (
  `m_id` int(11) NOT NULL,
  `theme` varchar(20) DEFAULT NULL,
  `meeting_date` date DEFAULT NULL
) ENGINE=InnoDB DEFAULT CHARSET=latin1;

-- --------------------------------------------------------

--
-- 表的结构 `notice`
--

CREATE TABLE `notice` (
  `text` varchar(255) DEFAULT NULL
) ENGINE=InnoDB DEFAULT CHARSET=latin1;

--
-- 转存表中的数据 `notice`
--

INSERT INTO `notice` (`text`) VALUES
('dddd');

-- --------------------------------------------------------

--
-- 表的结构 `own`
--

CREATE TABLE `own` (
  `id` int(11) NOT NULL,
  `info_id` int(11) DEFAULT NULL
) ENGINE=InnoDB DEFAULT CHARSET=latin1;

--
-- 转存表中的数据 `own`
--

INSERT INTO `own` (`id`, `info_id`) VALUES
(1730026109, 0),
(1730026119, 1),
(1730026044, 2),
(1730026028, 3),
(1730026120, 4),
(1730026121, 5),
(1730026122, 6),
(1730026123, 7),
(1730026124, 8),
(1730026125, 9),
(1730026126, 10),
(1730026127, 11),
(1730026128, 12),
(1730026129, 13),
(1730026130, 14),
(1730026131, 15),
(1730026132, 16);

-- --------------------------------------------------------

--
-- 表的结构 `personal_information`
--

CREATE TABLE `personal_information` (
  `info_id` int(11) NOT NULL,
  `grade` varchar(5) DEFAULT NULL,
  `major` varchar(20) DEFAULT NULL,
  `last_name` varchar(20) DEFAULT NULL
) ENGINE=InnoDB DEFAULT CHARSET=latin1;

--
-- 转存表中的数据 `personal_information`
--

INSERT INTO `personal_information` (`info_id`, `grade`, `major`, `last_name`) VALUES
(0, '1.5', 'CST', 'Ng'),
(1, '1', 'CST', 'Ho'),
(2, '2', 'CST', 'Wong'),
(3, '0.5', 'CST', 'Li'),
(4, '2.5', 'CST', 'Wu'),
(5, '1', 'CST', 'Sam'),
(6, '2', 'CTV', 'Ng'),
(7, '2', 'CST', 'Luo'),
(8, '1.2', 'APSY', 'Lu'),
(9, '0.2', 'CST', 'Lam'),
(10, '3', 'CST', 'Su'),
(11, '4', 'CST', 'Lau'),
(12, '2', 'CST', 'Chan'),
(13, '1', 'CST', 'Yu'),
(14, '2.3', 'CST', 'Luo'),
(15, '3.2', 'CST', 'Kuang'),
(16, '1.6', 'CST', 'Dang');

-- --------------------------------------------------------

--
-- 表的结构 `record`
--

CREATE TABLE `record` (
  `r_id` int(11) NOT NULL,
  `position` int(11) DEFAULT NULL,
  `is_mvp` int(11) DEFAULT NULL
) ENGINE=InnoDB DEFAULT CHARSET=latin1;

--
-- 转存表中的数据 `record`
--

INSERT INTO `record` (`r_id`, `position`, `is_mvp`) VALUES
(1, 1, 0),
(2, 2, 1),
(3, 3, 1),
(4, 4, 1),
(5, 2, 0),
(6, 3, 1),
(7, 1, 0),
(8, 2, 0),
(9, 3, 0),
(10, 4, 0),
(11, 1, 0),
(12, 2, 0),
(13, 3, 0),
(14, 4, 0);

-- --------------------------------------------------------

--
-- 表的结构 `submission`
--

CREATE TABLE `submission` (
  `a_id` int(11) NOT NULL,
  `file_id` bigint(14) NOT NULL
) ENGINE=InnoDB DEFAULT CHARSET=latin1;

--
-- 转存表中的数据 `submission`
--

INSERT INTO `submission` (`a_id`, `file_id`) VALUES
(1, 11730026119);

-- --------------------------------------------------------

--
-- 表的结构 `submit`
--

CREATE TABLE `submit` (
  `id` int(11) NOT NULL,
  `file_id` bigint(11) NOT NULL,
  `file_grade` varchar(3) DEFAULT NULL
) ENGINE=InnoDB DEFAULT CHARSET=latin1;

--
-- 转存表中的数据 `submit`
--

INSERT INTO `submit` (`id`, `file_id`, `file_grade`) VALUES
(1730026119, 11730026119, '0');

-- --------------------------------------------------------

--
-- 表的结构 `take_part`
--

CREATE TABLE `take_part` (
  `match_id` int(11) NOT NULL,
  `r_id` int(11) NOT NULL
) ENGINE=InnoDB DEFAULT CHARSET=latin1;

--
-- 转存表中的数据 `take_part`
--

INSERT INTO `take_part` (`match_id`, `r_id`) VALUES
(1, 1),
(2, 2),
(4, 4),
(5, 5),
(7, 15),
(7, 16),
(7, 17),
(7, 18);

-- --------------------------------------------------------

--
-- 表的结构 `user`
--

CREATE TABLE `user` (
  `id` int(11) NOT NULL,
  `password` varchar(16) DEFAULT NULL,
  `name` varchar(20) DEFAULT NULL
) ENGINE=InnoDB DEFAULT CHARSET=latin1;

--
-- 转存表中的数据 `user`
--

INSERT INTO `user` (`id`, `password`, `name`) VALUES
(1730026028, '123456', 'Wildman'),
(1730026044, '123456', 'Rory'),
(1730026109, '123456', 'Qizheng'),
(1730026119, '654321', 'Shuyang'),
(1730026120, '123123123', 'HaaaHa'),
(1730026121, '123456', 'Test2'),
(1730026122, '123456', 'Shuyang'),
(1730026123, '123456', 'Test3'),
(1730026124, '123456', 'Test4'),
(1730026125, '123456', 'Test5'),
(1730026126, '123456', 'Test6'),
(1730026127, '123456', 'Test8'),
(1730026128, '123456', 'Test7'),
(1730026129, '123456', 'Test9'),
(1730026130, '123456', 'Test10'),
(1730026131, '123456', 'Test11'),
(1730026132, '123456', 'Test12');

-- --------------------------------------------------------

--
-- 表的结构 `user_group`
--

CREATE TABLE `user_group` (
  `group_id` int(11) NOT NULL,
  `group_name` varchar(15) DEFAULT NULL
) ENGINE=InnoDB DEFAULT CHARSET=latin1;

--
-- 转存表中的数据 `user_group`
--

INSERT INTO `user_group` (`group_id`, `group_name`) VALUES
(0, 'user'),
(1, 'admin');

--
-- 转储表的索引
--

--
-- 表的索引 `amatch`
--
ALTER TABLE `amatch`
  ADD PRIMARY KEY (`match_id`);

--
-- 表的索引 `assignment`
--
ALTER TABLE `assignment`
  ADD PRIMARY KEY (`a_id`),
  ADD KEY `id` (`create_id`);

--
-- 表的索引 `attend`
--
ALTER TABLE `attend`
  ADD PRIMARY KEY (`attend_id`);

--
-- 表的索引 `attendance_record`
--
ALTER TABLE `attendance_record`
  ADD PRIMARY KEY (`attend_id`);

--
-- 表的索引 `belong_to`
--
ALTER TABLE `belong_to`
  ADD PRIMARY KEY (`id`),
  ADD KEY `group_id` (`group_id`),
  ADD KEY `id` (`id`);

--
-- 表的索引 `comes_from`
--
ALTER TABLE `comes_from`
  ADD PRIMARY KEY (`attend_id`),
  ADD KEY `m_id` (`m_id`),
  ADD KEY `a_id` (`attend_id`);

--
-- 表的索引 `file_contents`
--
ALTER TABLE `file_contents`
  ADD PRIMARY KEY (`file_id`);

--
-- 表的索引 `has`
--
ALTER TABLE `has`
  ADD PRIMARY KEY (`id`,`r_id`),
  ADD KEY `match_id` (`r_id`),
  ADD KEY `id` (`id`);

--
-- 表的索引 `meeting`
--
ALTER TABLE `meeting`
  ADD PRIMARY KEY (`m_id`);

--
-- 表的索引 `own`
--
ALTER TABLE `own`
  ADD PRIMARY KEY (`id`),
  ADD KEY `inf_id` (`info_id`);

--
-- 表的索引 `personal_information`
--
ALTER TABLE `personal_information`
  ADD PRIMARY KEY (`info_id`);

--
-- 表的索引 `record`
--
ALTER TABLE `record`
  ADD PRIMARY KEY (`r_id`);

--
-- 表的索引 `submission`
--
ALTER TABLE `submission`
  ADD PRIMARY KEY (`a_id`,`file_id`);

--
-- 表的索引 `submit`
--
ALTER TABLE `submit`
  ADD PRIMARY KEY (`id`,`file_id`),
  ADD KEY `as_id` (`file_id`);

--
-- 表的索引 `take_part`
--
ALTER TABLE `take_part`
  ADD PRIMARY KEY (`match_id`,`r_id`),
  ADD KEY `r_id` (`r_id`);

--
-- 表的索引 `user`
--
ALTER TABLE `user`
  ADD PRIMARY KEY (`id`);

--
-- 表的索引 `user_group`
--
ALTER TABLE `user_group`
  ADD PRIMARY KEY (`group_id`);

--
-- 在导出的表使用AUTO_INCREMENT
--

--
-- 使用表AUTO_INCREMENT `amatch`
--
ALTER TABLE `amatch`
  MODIFY `match_id` int(11) NOT NULL AUTO_INCREMENT, AUTO_INCREMENT=6;

--
-- 使用表AUTO_INCREMENT `assignment`
--
ALTER TABLE `assignment`
  MODIFY `a_id` int(11) NOT NULL AUTO_INCREMENT, AUTO_INCREMENT=6;

--
-- 使用表AUTO_INCREMENT `attend`
--
ALTER TABLE `attend`
  MODIFY `attend_id` bigint(20) NOT NULL AUTO_INCREMENT, AUTO_INCREMENT=52;

--
-- 使用表AUTO_INCREMENT `attendance_record`
--
ALTER TABLE `attendance_record`
  MODIFY `attend_id` bigint(20) NOT NULL AUTO_INCREMENT, AUTO_INCREMENT=52;

--
-- 使用表AUTO_INCREMENT `file_contents`
--
ALTER TABLE `file_contents`
  MODIFY `file_id` bigint(14) NOT NULL AUTO_INCREMENT, AUTO_INCREMENT=2147483647;

--
-- 使用表AUTO_INCREMENT `record`
--
ALTER TABLE `record`
  MODIFY `r_id` int(11) NOT NULL AUTO_INCREMENT, AUTO_INCREMENT=15;
COMMIT;

/*!40101 SET CHARACTER_SET_CLIENT=@OLD_CHARACTER_SET_CLIENT */;
/*!40101 SET CHARACTER_SET_RESULTS=@OLD_CHARACTER_SET_RESULTS */;
/*!40101 SET COLLATION_CONNECTION=@OLD_COLLATION_CONNECTION */;
